Date,Open,High,Low,Close,Volume,Ticker
2024-12-18,106147.296875,106470.609375,100041.5390625,100041.5390625,93865656139.0,BTC-USD
2024-12-19,100070.6875,102748.1484375,95587.6796875,97490.953125,97221662392.0,BTC-USD
2024-12-20,97484.6953125,98098.9140625,92175.1796875,97755.9296875,105634083408.0,BTC-USD
2024-12-21,97756.1953125,99507.1015625,96426.5234375,97224.7265625,51765334294.0,BTC-USD
2024-12-22,97218.3203125,97360.265625,94202.1875,95104.9375,43147981314.0,BTC-USD
2024-12-23,95099.390625,96416.2109375,92403.1328125,94686.2421875,65239002919.0,BTC-USD
2024-12-24,94684.34375,99404.0625,93448.015625,98676.09375,47114953674.0,BTC-USD
2024-12-25,98675.9140625,99478.75,97593.46875,99299.1953125,33700394629.0,BTC-USD
2024-12-26,99297.6953125,99884.5703125,95137.8828125,95795.515625,47054980873.0,BTC-USD
2024-12-27,95704.9765625,97294.84375,93310.7421875,94164.859375,52419934565.0,BTC-USD
2024-12-28,94160.1875,95525.8984375,94014.2890625,95163.9296875,24107436185.0,BTC-USD
2024-12-29,95174.0546875,95174.875,92881.7890625,93530.2265625,29635885267.0,BTC-USD
2024-12-30,93527.1953125,94903.3203125,91317.1328125,92643.2109375,56188003691.0,BTC-USD
2024-12-31,92643.25,96090.6015625,91914.03125,93429.203125,43625106843.0,BTC-USD
2025-01-01,93425.1015625,94929.8671875,92788.125,94419.7578125,24519888919.0,BTC-USD
2025-01-02,94416.2890625,97739.8203125,94201.5703125,96886.875,46009564411.0,BTC-USD
2025-01-03,96881.7265625,98956.9140625,96034.6171875,98107.4296875,35611391163.0,BTC-USD
2025-01-04,98106.9921875,98734.4296875,97562.9765625,98236.2265625,22342608078.0,BTC-USD
2025-01-05,98233.90625,98813.3046875,97291.765625,98314.9609375,20525254825.0,BTC-USD
2025-01-06,98314.953125,102482.875,97926.1484375,102078.0859375,51823432705.0,BTC-USD
2025-01-07,102248.8515625,102712.484375,96132.875,96922.703125,58685738547.0,BTC-USD
2025-01-08,96924.1640625,97258.3203125,92525.84375,95043.5234375,63875859171.0,BTC-USD
2025-01-09,95043.484375,95349.71875,91220.84375,92484.0390625,62777261693.0,BTC-USD
2025-01-10,92494.4921875,95770.609375,92250.09375,94701.453125,62058693684.0,BTC-USD
2025-01-11,94700.8359375,94977.6875,93840.046875,94566.59375,18860894100.0,BTC-USD
2025-01-12,94565.7265625,95367.5390625,93712.5078125,94488.4375,20885130965.0,BTC-USD
2025-01-13,94488.890625,95837.0,89260.1015625,94516.5234375,72978998252.0,BTC-USD
2025-01-14,94519.0078125,97352.6640625,94322.15625,96534.046875,53769675818.0,BTC-USD
2025-01-15,96534.046875,100697.234375,96501.640625,100504.4921875,57805923627.0,BTC-USD
2025-01-16,100505.296875,100781.5859375,97364.4453125,99756.90625,54103781805.0,BTC-USD
2025-01-17,100025.765625,105884.2265625,99948.90625,104462.0390625,71888972663.0,BTC-USD
2025-01-18,104124.953125,104913.203125,102226.6171875,104408.0703125,50445655726.0,BTC-USD
2025-01-19,104411.2890625,106299.796875,99570.53125,101089.609375,76789928525.0,BTC-USD
2025-01-20,101083.75,109114.8828125,99471.359375,102016.6640625,126279678351.0,BTC-USD
2025-01-21,102052.578125,107180.921875,100103.953125,106146.265625,88733878242.0,BTC-USD
2025-01-22,106136.3828125,106294.34375,103360.265625,103653.0703125,53878181052.0,BTC-USD
2025-01-23,103657.671875,106820.328125,101257.8046875,103960.171875,104104515428.0,BTC-USD
2025-01-24,103965.671875,107098.546875,102772.125,104819.484375,52388229265.0,BTC-USD
2025-01-25,104824.03125,105243.7890625,104120.375,104714.6484375,23888996502.0,BTC-USD
2025-01-26,104713.2109375,105438.6484375,102507.7109375,102682.5,22543395879.0,BTC-USD
2025-01-27,102680.3046875,103214.109375,97795.9375,102087.6875,89006608428.0,BTC-USD
2025-01-28,102095.4140625,103730.8203125,100238.1875,101332.4765625,47180685494.0,BTC-USD
2025-01-29,101317.5234375,104750.8046875,101283.8203125,103703.2109375,47432049818.0,BTC-USD
2025-01-30,103709.3359375,106418.765625,103321.6484375,104735.3046875,41915744521.0,BTC-USD
2025-01-31,104737.5625,106026.3515625,101543.8828125,102405.0234375,45732764360.0,BTC-USD
2025-02-01,102402.796875,102755.7265625,100297.7109375,100655.90625,27757944848.0,BTC-USD
2025-02-02,100661.5390625,101430.6640625,96216.078125,97688.9765625,63091816853.0,BTC-USD
2025-02-03,97681.1015625,102514.171875,91242.890625,101405.421875,115400897748.0,BTC-USD
2025-02-04,101398.71875,101745.6171875,96208.109375,97871.8203125,73002130211.0,BTC-USD
2025-02-05,97878.0078125,99113.2109375,96174.828125,96615.4453125,49125911241.0,BTC-USD
2025-02-06,96610.640625,99168.609375,95707.3515625,96593.296875,45302471947.0,BTC-USD
2025-02-07,96581.3203125,100154.140625,95653.8828125,96529.0859375,55741290456.0,BTC-USD
2025-02-08,96533.2578125,96877.8046875,95702.4921875,96482.453125,22447526395.0,BTC-USD
2025-02-09,96481.3125,97325.28125,94745.2578125,96500.09375,27732901800.0,BTC-USD
2025-02-10,96499.4609375,98333.21875,95320.84375,97437.5546875,40078962391.0,BTC-USD
2025-02-11,97438.1328125,98492.8984375,94875.0390625,95747.4296875,37488783272.0,BTC-USD
2025-02-12,95745.6953125,98151.0234375,94101.203125,97885.859375,49340445530.0,BTC-USD
2025-02-13,97888.75,98111.0859375,95269.7109375,96623.8671875,37147280860.0,BTC-USD
2025-02-14,96623.3671875,98819.46875,96342.8046875,97508.96875,32697987277.0,BTC-USD
2025-02-15,97508.3828125,97975.0390625,97240.1953125,97580.3515625,17047266288.0,BTC-USD
2025-02-16,97580.4921875,97725.59375,96060.9765625,96175.03125,16536755396.0,BTC-USD
2025-02-17,96179.0078125,97032.234375,95243.546875,95773.3828125,27336550690.0,BTC-USD
2025-02-18,95773.8125,96695.375,93388.8359375,95539.546875,37325720482.0,BTC-USD
2025-02-19,95532.53125,96855.59375,95011.96875,96635.609375,28990872862.0,BTC-USD
2025-02-20,96632.6796875,98767.1953125,96442.671875,98333.9375,31668022771.0,BTC-USD
2025-02-21,98340.671875,99497.96875,94852.9609375,96125.546875,49608706470.0,BTC-USD
2025-02-22,96134.203125,96950.15625,95765.34375,96577.7578125,18353824477.0,BTC-USD
2025-02-23,96577.8046875,96671.875,95270.453125,96273.921875,16999478976.0,BTC-USD
2025-02-24,96277.9609375,96503.453125,91371.7421875,91418.171875,44046480529.0,BTC-USD
2025-02-25,91437.1171875,92511.078125,86008.234375,88736.171875,92139104128.0,BTC-USD
2025-02-26,88638.890625,89286.25,82131.8984375,84347.0234375,64597492134.0,BTC-USD
2025-02-27,84076.859375,87000.78125,83144.9609375,84704.2265625,52659591954.0,BTC-USD
2025-02-28,84705.625,85036.3203125,78248.9140625,84373.0078125,83610570576.0,BTC-USD
2025-03-01,84373.8671875,86522.3046875,83794.234375,86031.9140625,29190628396.0,BTC-USD
2025-03-02,86036.2578125,95043.4375,85040.2109375,94248.3515625,58398341092.0,BTC-USD
2025-03-03,94248.421875,94429.75,85081.3046875,86065.671875,70072228536.0,BTC-USD
2025-03-04,86064.0703125,88911.2734375,81529.2421875,87222.1953125,68095241474.0,BTC-USD
2025-03-05,87222.953125,90998.2421875,86379.7734375,90623.5625,50498988027.0,BTC-USD
2025-03-06,90622.359375,92804.9375,87852.140625,89961.7265625,47749810486.0,BTC-USD
2025-03-07,89963.28125,91191.046875,84717.6796875,86742.671875,65945677657.0,BTC-USD
2025-03-08,86742.65625,86847.265625,85247.484375,86154.59375,18206118081.0,BTC-USD
2025-03-09,86154.3046875,86471.1328125,80052.484375,80601.0390625,30899345977.0,BTC-USD
2025-03-10,80597.1484375,83955.9296875,77420.59375,78532.0,54061099422.0,BTC-USD
2025-03-11,78523.875,83577.7578125,76624.25,82862.2109375,54702837196.0,BTC-USD
2025-03-12,82857.375,84358.578125,80635.25,83722.359375,40353484454.0,BTC-USD
2025-03-13,83724.921875,84301.6953125,79931.8515625,81066.703125,31412940153.0,BTC-USD
2025-03-14,81066.9921875,85263.2890625,80797.5625,83969.1015625,29588112414.0,BTC-USD
2025-03-15,83968.40625,84672.671875,83639.59375,84343.109375,13650491277.0,BTC-USD
2025-03-16,84333.3203125,85051.6015625,82017.90625,82579.6875,21330270174.0,BTC-USD
2025-03-17,82576.3359375,84725.328125,82492.15625,84075.6875,25092785558.0,BTC-USD
2025-03-18,84075.71875,84075.71875,81179.9921875,82718.5,24095774594.0,BTC-USD
2025-03-19,82718.8046875,87021.1875,82569.7265625,86854.2265625,34931960257.0,BTC-USD
2025-03-20,86872.953125,87443.265625,83647.1953125,84167.1953125,29028988961.0,BTC-USD
2025-03-21,84164.5390625,84782.2734375,83171.0703125,84043.2421875,19030452299.0,BTC-USD
2025-03-22,84046.2578125,84513.875,83674.78125,83832.484375,9863214091.0,BTC-USD
2025-03-23,83831.8984375,86094.78125,83794.9140625,86054.375,12594615537.0,BTC-USD
2025-03-24,86070.9296875,88758.7265625,85541.1953125,87498.9140625,34582604933.0,BTC-USD
2025-03-25,87512.8203125,88542.3984375,86346.078125,87471.703125,30005840049.0,BTC-USD
2025-03-26,87460.234375,88292.15625,85861.453125,86900.8828125,26704046038.0,BTC-USD
2025-03-27,86896.2578125,87786.7265625,85837.9375,87177.1015625,24413471941.0,BTC-USD
2025-03-28,87185.234375,87489.859375,83557.640625,84353.1484375,34198619509.0,BTC-USD
2025-03-29,84352.0703125,84567.3359375,81634.140625,82597.5859375,16969396135.0,BTC-USD
2025-03-30,82596.984375,83505.0,81573.25,82334.5234375,14763760943.0,BTC-USD
2025-03-31,82336.0625,83870.125,81293.890625,82548.9140625,29004228247.0,BTC-USD
2025-04-01,82551.921875,85487.3671875,82429.359375,85169.171875,28175650319.0,BTC-USD
2025-04-02,85180.609375,88466.953125,82343.5390625,82485.7109375,47584398470.0,BTC-USD
2025-04-03,82487.4765625,83909.296875,81282.1015625,83102.828125,36852112080.0,BTC-USD
2025-04-04,83100.25,84696.1484375,81670.75,83843.8046875,45157640207.0,BTC-USD
2025-04-05,83844.703125,84207.015625,82377.734375,83504.796875,14380803631.0,BTC-USD
2025-04-06,83504.5078125,83704.71875,77097.7421875,78214.484375,36294853736.0,BTC-USD
2025-04-07,78221.3359375,81119.0625,74436.6796875,79235.3359375,91262424987.0,BTC-USD
2025-04-08,79218.4765625,80823.890625,76198.0234375,76271.953125,48314590749.0,BTC-USD
2025-04-09,76273.5625,83541.0,74589.671875,82573.953125,84213627038.0,BTC-USD
2025-04-10,82565.9765625,82700.9296875,78456.1328125,79626.140625,44718000633.0,BTC-USD
2025-04-11,79625.046875,84247.4765625,78936.3203125,83404.8359375,41656778779.0,BTC-USD
2025-04-12,83404.515625,85856.1875,82769.375,85287.109375,24258059104.0,BTC-USD
2025-04-13,85279.46875,86015.1875,83027.0078125,83684.9765625,28796984817.0,BTC-USD
2025-04-14,83694.5234375,85785.0,83690.640625,84542.390625,34090769777.0,BTC-USD
2025-04-15,84539.6953125,86429.3515625,83598.8203125,83668.9921875,28040322885.0,BTC-USD
2025-04-16,83674.5078125,85428.28125,83100.6171875,84033.8671875,29617804112.0,BTC-USD
2025-04-17,84030.671875,85449.0703125,83749.75,84895.75,21276866029.0,BTC-USD
2025-04-18,84900.1875,85095.046875,84298.8828125,84450.8046875,12728372364.0,BTC-USD
2025-04-19,84450.8671875,85597.703125,84353.4609375,85063.4140625,15259300427.0,BTC-USD
2025-04-20,85066.0703125,85306.3828125,83976.84375,85174.3046875,14664050812.0,BTC-USD
2025-04-21,85171.5390625,88460.09375,85143.8359375,87518.90625,41396190190.0,BTC-USD
2025-04-22,87521.875,93817.3828125,87084.53125,93441.890625,55899038456.0,BTC-USD
2025-04-23,93427.5859375,94535.734375,91962.9609375,93699.109375,41719568821.0,BTC-USD
2025-04-24,93692.3984375,94016.1953125,91696.7109375,93943.796875,31483175315.0,BTC-USD
2025-04-25,93954.25,95768.390625,92898.59375,94720.5,40915232364.0,BTC-USD
2025-04-26,94714.6484375,95251.359375,93927.25,94646.9296875,17612825123.0,BTC-USD
2025-04-27,94660.90625,95301.203125,93665.3984375,93754.84375,18090367764.0,BTC-USD
2025-04-28,93755.3046875,95598.4921875,92860.8046875,94978.75,32363449569.0,BTC-USD
2025-04-29,94981.859375,95485.4140625,93796.6328125,94284.7890625,25806129921.0,BTC-USD
2025-04-30,94286.46875,95249.3203125,92979.640625,94207.3125,28344679831.0,BTC-USD
2025-05-01,94212.859375,97437.9609375,94153.6328125,96492.3359375,32875889623.0,BTC-USD
2025-05-02,96494.96875,97905.8984375,96375.9453125,96910.0703125,26421924677.0,BTC-USD
2025-05-03,96904.6328125,96943.8828125,95821.2890625,95891.796875,15775154889.0,BTC-USD
2025-05-04,95877.1875,96318.921875,94173.4296875,94315.9765625,18198688416.0,BTC-USD
2025-05-05,94319.5625,95193.1875,93566.265625,94748.0546875,25816260327.0,BTC-USD
2025-05-06,94748.3828125,96889.1796875,93399.859375,96802.4765625,26551275827.0,BTC-USD
2025-05-07,96800.1953125,97625.8046875,95829.3359375,97032.3203125,76983822462.0,BTC-USD
2025-05-08,97034.25,103969.5390625,96913.875,103241.4609375,69895404397.0,BTC-USD
2025-05-09,103239.125,104297.4921875,102343.09375,102970.8515625,58198593958.0,BTC-USD
2025-05-10,102973.7109375,104961.765625,102830.484375,104696.328125,42276713994.0,BTC-USD
2025-05-11,104701.0703125,104937.9921875,103364.7421875,104106.359375,46285517406.0,BTC-USD
2025-05-12,104106.9609375,105747.453125,100814.40625,102812.953125,63250475404.0,BTC-USD
2025-05-13,102812.4921875,104997.421875,101515.09375,104169.8125,52608876410.0,BTC-USD
2025-05-14,104167.328125,104303.5625,102618.296875,103539.4140625,45956071155.0,BTC-USD
2025-05-15,103538.828125,104153.6171875,101440.8125,103744.640625,50408241840.0,BTC-USD
2025-05-16,103735.65625,104533.484375,103137.4765625,103489.2890625,44386499364.0,BTC-USD
2025-05-17,103489.2890625,103716.9453125,102659.1796875,103191.0859375,37898552742.0,BTC-USD
2025-05-18,103186.953125,106597.171875,103142.6015625,106446.0078125,49887082058.0,BTC-USD
2025-05-19,106430.53125,107068.71875,102112.6875,105606.1796875,61761126647.0,BTC-USD
2025-05-20,105605.40625,107307.1171875,104206.515625,106791.0859375,36515726122.0,BTC-USD
2025-05-21,106791.3125,110724.4609375,106127.234375,109678.078125,78086364051.0,BTC-USD
2025-05-22,109673.4921875,111970.171875,109285.0703125,111673.28125,70157575642.0,BTC-USD
2025-05-23,111679.359375,111798.90625,106841.3046875,107287.796875,67548133399.0,BTC-USD
2025-05-24,107278.5078125,109454.5234375,106895.2890625,107791.15625,45903627163.0,BTC-USD
2025-05-25,107802.2734375,109313.3046875,106683.375,109035.390625,47518041841.0,BTC-USD
2025-05-26,109023.78125,110376.8828125,108735.640625,109440.3671875,45950461571.0,BTC-USD
2025-05-27,109440.40625,110744.2109375,107609.5546875,108994.640625,57450176272.0,BTC-USD
2025-05-28,108992.171875,109298.2890625,106812.9296875,107802.328125,49155377493.0,BTC-USD
2025-05-29,107795.5703125,108910.046875,105374.3984375,105641.7578125,56022752042.0,BTC-USD
2025-05-30,105646.2109375,106308.9453125,103685.7890625,103998.5703125,57655287183.0,BTC-USD
2025-05-31,103994.71875,104927.1015625,103136.1171875,104638.09375,38997843858.0,BTC-USD
2025-06-01,104637.296875,105884.546875,103826.953125,105652.1015625,37397056873.0,BTC-USD
2025-06-02,105649.8125,105958.3125,103727.546875,105881.53125,45819706290.0,BTC-USD
2025-06-03,105888.4765625,106813.578125,104920.84375,105432.46875,46196508367.0,BTC-USD
2025-06-04,105434.3671875,105997.6953125,104232.703125,104731.984375,44544857105.0,BTC-USD
2025-06-05,104750.78125,105936.6875,100436.8828125,101575.953125,57479298400.0,BTC-USD
2025-06-06,101574.3671875,105376.7734375,101169.5703125,104390.34375,48856653697.0,BTC-USD
2025-06-07,104390.6484375,105972.7578125,103987.3125,105615.625,38365033776.0,BTC-USD
2025-06-08,105617.5078125,106497.0625,105075.328125,105793.6484375,36626232328.0,BTC-USD
2025-06-09,105793.0234375,110561.421875,105400.234375,110294.1015625,55903193732.0,BTC-USD
2025-06-10,110295.6875,110380.125,108367.7109375,110257.234375,54700101509.0,BTC-USD
2025-06-11,110261.796875,110384.21875,108086.328125,108686.625,50842662052.0,BTC-USD
2025-06-12,108685.9140625,108780.6953125,105785.6875,105929.0546875,54843867968.0,BTC-USD
2025-06-13,105924.59375,106182.546875,102822.0234375,106090.96875,69550440846.0,BTC-USD
2025-06-14,106108.0859375,106203.7578125,104379.3671875,105472.40625,38007870453.0,BTC-USD
2025-06-15,105464.84375,106157.1015625,104519.8828125,105552.0234375,36744307742.0,BTC-USD
2025-06-16,105555.59375,108915.375,104997.625,106796.7578125,50366626945.0,BTC-USD
2025-06-17,106794.1171875,107750.1953125,103396.53125,104601.1171875,55964092176.0,BTC-USD
2025-06-18,104602.0703125,105581.8515625,103602.265625,104883.328125,47318089133.0,BTC-USD
2025-06-19,104886.7734375,105250.890625,103940.7734375,104684.2890625,37333806920.0,BTC-USD
2025-06-20,104681.03125,106539.3828125,102372.2109375,103309.6015625,50951862476.0,BTC-USD
2025-06-21,103315.078125,104015.78125,100973.0625,102257.40625,38360555118.0,BTC-USD
2025-06-22,102212.03125,103351.6328125,98286.203125,100987.140625,65536997201.0,BTC-USD
2025-06-23,100987.4765625,106116.859375,99705.75,105577.7734375,65237759656.0,BTC-USD
2025-06-24,105571.515625,106316.828125,104740.2421875,106045.6328125,48822986421.0,BTC-USD
2025-06-25,106047.40625,108168.3984375,105881.390625,107361.2578125,51624120283.0,BTC-USD
2025-06-26,107375.0703125,108305.546875,106666.3515625,106960.0,43891990613.0,BTC-USD
2025-06-27,106954.921875,107772.46875,106449.9921875,107088.4296875,45353692675.0,BTC-USD
2025-06-28,107090.546875,107567.8828125,106883.9765625,107327.703125,30037708335.0,BTC-USD
2025-06-29,107327.8203125,108526.3046875,107230.109375,108385.5703125,35534874438.0,BTC-USD
2025-06-30,108383.4375,108798.7890625,106759.6484375,107135.3359375,42064804590.0,BTC-USD
2025-07-01,107144.3828125,107550.6796875,105270.2265625,105698.28125,44110692247.0,BTC-USD
2025-07-02,105703.1015625,109763.65625,105157.3984375,108859.3203125,56248657737.0,BTC-USD
2025-07-03,108845.015625,110541.4609375,108605.796875,109647.9765625,50494742270.0,BTC-USD
2025-07-04,109635.65625,109751.984375,107296.3828125,108034.3359375,42616442656.0,BTC-USD
2025-07-05,108015.8359375,108381.34375,107842.2734375,108231.1796875,30615537520.0,BTC-USD
2025-07-06,108231.1875,109731.625,107847.015625,109232.0703125,36746020463.0,BTC-USD
2025-07-07,109235.328125,109710.25,107527.0546875,108299.8515625,45415696597.0,BTC-USD
2025-07-08,108298.2265625,109198.96875,107499.5546875,108950.2734375,44282204127.0,BTC-USD
2025-07-09,108950.2734375,111925.375,108357.6796875,111326.5546875,57927418065.0,BTC-USD
2025-07-10,111329.1953125,116608.78125,110660.75,115987.203125,95911605728.0,BTC-USD
2025-07-11,115986.234375,118856.4765625,115245.6875,117516.9921875,86928361085.0,BTC-USD
2025-07-12,117530.7109375,118219.8984375,116977.0234375,117435.2265625,45524560304.0,BTC-USD
2025-07-13,117432.203125,119449.5703125,117265.4375,119116.1171875,49021091807.0,BTC-USD
2025-07-14,119115.7890625,123091.609375,118959.1953125,119849.703125,181746419401.0,BTC-USD
2025-07-15,119853.8515625,119935.5625,115765.6875,117777.1875,98321661181.0,BTC-USD
2025-07-16,117777.1875,120065.515625,117064.8203125,118738.5078125,72162029070.0,BTC-USD
2025-07-17,118738.5078125,120999.609375,117508.21875,119289.84375,72363841798.0,BTC-USD
2025-07-18,119284.109375,120851.9140625,116925.984375,118003.2265625,77945799785.0,BTC-USD
2025-07-19,117998.125,118541.3984375,117388.4140625,117939.9765625,47564562765.0,BTC-USD
2025-07-20,117944.109375,118865.03125,116550.1328125,117300.7890625,57515447231.0,BTC-USD
2025-07-21,117306.46875,119671.5625,116584.3984375,117439.5390625,69820091744.0,BTC-USD
2025-07-22,117426.5,120269.96875,116233.2265625,119995.4140625,79217583118.0,BTC-USD
2025-07-23,119997.4453125,120113.3515625,117391.390625,118754.9609375,66608604537.0,BTC-USD
2025-07-24,118770.984375,119535.453125,117247.96875,118368.0,72627318560.0,BTC-USD
2025-07-25,118368.0,118486.9765625,114759.8203125,117635.8828125,104857024569.0,BTC-USD
2025-07-26,117644.84375,118335.6875,117181.2265625,117947.3671875,48508954046.0,BTC-USD
2025-07-27,117944.7265625,119815.59375,117859.6875,119448.4921875,54683390892.0,BTC-USD
2025-07-28,119457.5234375,119819.7890625,117441.4375,117924.4765625,64822943193.0,BTC-USD
2025-07-29,117938.5859375,119273.8671875,116987.3671875,117922.1484375,68463107433.0,BTC-USD
2025-07-30,117921.9921875,118780.7265625,115800.828125,117831.1875,68896148592.0,BTC-USD
2025-07-31,117833.6328125,118919.984375,115505.21875,115758.203125,69370346018.0,BTC-USD
2025-08-01,115738.953125,116060.7734375,112724.4453125,113320.0859375,91294530181.0,BTC-USD
2025-08-02,113320.390625,114021.6015625,112005.765625,112526.9140625,56870866000.0,BTC-USD
2025-08-03,112525.8046875,114747.421875,111943.8046875,114217.671875,48099615826.0,BTC-USD
2025-08-04,114223.921875,115729.46875,114130.40625,115071.8828125,35783028986.0,BTC-USD
2025-08-05,115072.1875,115117.4375,112701.109375,114141.4453125,61039182286.0,BTC-USD
2025-08-06,114140.9140625,115737.8359375,113372.25,115028.0,56379133510.0,BTC-USD
2025-08-07,115030.0546875,117676.90625,114279.7109375,117496.8984375,64051649681.0,BTC-USD
2025-08-08,117505.5,117689.203125,115917.4609375,116688.7265625,59713005166.0,BTC-USD
2025-08-09,116678.2734375,117906.609375,116363.8359375,116500.359375,54004312429.0,BTC-USD
2025-08-10,116497.71875,119320.7109375,116485.1640625,119306.7578125,64755458694.0,BTC-USD
2025-08-11,119306.8125,122321.09375,118159.03125,118731.4453125,90528784177.0,BTC-USD
2025-08-12,118717.6640625,120302.46875,118228.71875,120172.90625,72803657984.0,BTC-USD
2025-08-13,120168.9765625,123682.453125,118939.6328125,123344.0625,90904808795.0,BTC-USD
2025-08-14,123339.3984375,124457.1171875,117254.8828125,118359.578125,104055627395.0,BTC-USD
2025-08-15,118365.78125,119332.3125,116864.5703125,117398.3515625,68665353159.0,BTC-USD
2025-08-16,117398.421875,117996.0625,117271.953125,117491.3515625,48036922378.0,BTC-USD
2025-08-17,117492.7890625,118595.7734375,117279.5234375,117453.0625,45852169525.0,BTC-USD
2025-08-18,117453.90625,117614.171875,114723.6796875,116252.3125,72787808090.0,BTC-USD
2025-08-19,116241.859375,116764.5,112730.3984375,112831.1796875,71657600353.0,BTC-USD
2025-08-20,112828.0234375,114625.796875,112387.9609375,114274.7421875,67993811526.0,BTC-USD
2025-08-21,114275.6875,114802.6484375,111986.234375,112419.03125,57817883700.0,BTC-USD
2025-08-22,112433.734375,117377.3984375,111678.9453125,116874.0859375,82528088240.0,BTC-USD
2025-08-23,116866.3671875,116996.25,114536.109375,115374.328125,55377142586.0,BTC-USD
2025-08-24,115387.390625,115615.0859375,111060.546875,113458.4296875,73961489632.0,BTC-USD
2025-08-25,113456.8984375,113637.84375,109324.28125,110124.3515625,85706860190.0,BTC-USD
2025-08-26,110124.1015625,112397.015625,108762.0390625,111802.65625,69396320317.0,BTC-USD
2025-08-27,111795.7109375,112619.4140625,110398.265625,111222.0625,62137056409.0,BTC-USD
2025-08-28,111219.0546875,113450.078125,110900.921875,112544.8046875,58860155962.0,BTC-USD
2025-08-29,112550.5234375,112619.0546875,107559.625,108410.8359375,77843379644.0,BTC-USD
2025-08-30,108409.40625,108929.3515625,107444.4453125,108808.0703125,51486264208.0,BTC-USD
2025-08-31,108818.4609375,109491.0,108104.65625,108236.7109375,47986191770.0,BTC-USD
2025-09-01,108228.75,109890.5859375,107271.1796875,109250.59375,66870372995.0,BTC-USD
2025-09-02,109243.0703125,111748.015625,108454.03125,111200.5859375,74776999491.0,BTC-USD
2025-09-03,111190.6953125,112600.2265625,110582.9609375,111723.2109375,61119643565.0,BTC-USD
2025-09-04,111718.1484375,112208.328125,109347.2265625,110723.6015625,60131132901.0,BTC-USD
2025-09-05,110723.015625,113357.4921875,110233.3984375,110650.984375,60241647677.0,BTC-USD
2025-09-06,110650.5703125,111275.015625,110024.0859375,110224.6953125,21500719036.0,BTC-USD
2025-09-07,110221.328125,111591.078125,110211.625,111167.6171875,24618007520.0,BTC-USD
2025-09-08,111163.015625,112869.234375,110630.609375,112071.4296875,40212813407.0,BTC-USD
2025-09-09,112077.578125,113225.4375,110776.703125,111530.546875,45984480722.0,BTC-USD
2025-09-10,111531.25,114275.25,110940.078125,113955.359375,56377473784.0,BTC-USD
2025-09-11,113961.4296875,115522.546875,113453.8359375,115507.5390625,45685065332.0,BTC-USD
2025-09-12,115507.7890625,116769.3828125,114794.484375,116101.578125,54785725894.0,BTC-USD
2025-09-13,116093.5625,116334.6328125,115248.2734375,115950.5078125,34549454947.0,BTC-USD
2025-09-14,115950.2890625,116181.5,115222.3984375,115407.65625,32798036057.0,BTC-USD
2025-09-15,115399.6328125,116747.8828125,114461.0625,115444.875,52937859416.0,BTC-USD
2025-09-16,115423.7578125,117005.2734375,114813.09375,116843.1875,45781744593.0,BTC-USD
2025-09-17,116840.5078125,117328.609375,114794.9765625,116468.5078125,60528025996.0,BTC-USD
2025-09-18,116461.265625,117911.7890625,116188.796875,117137.203125,49457272032.0,BTC-USD
2025-09-19,117137.671875,117479.7578125,115141.8203125,115688.859375,38828473971.0,BTC-USD
2025-09-20,115691.125,116191.1484375,115473.5234375,115721.9609375,22864449614.0,BTC-USD
2025-09-21,115730.2265625,115901.0859375,115252.578125,115306.09375,22495852193.0,BTC-USD
2025-09-22,115309.21875,115431.3125,112037.6484375,112748.5078125,70684158591.0,BTC-USD
2025-09-23,112757.4765625,113351.9140625,111535.5703125,112014.5,47211853279.0,BTC-USD
2025-09-24,112007.6640625,113986.2734375,111229.640625,113328.6328125,48044595085.0,BTC-USD
2025-09-25,113330.1640625,113541.0859375,108713.3984375,109049.2890625,75528654284.0,BTC-USD
2025-09-26,109041.296875,110359.1953125,108728.9765625,109712.828125,57738288949.0,BTC-USD
2025-09-27,109707.140625,109778.5,109144.296875,109681.9453125,26308042910.0,BTC-USD
2025-09-28,109681.9453125,112375.484375,109236.9453125,112122.640625,33371048505.0,BTC-USD
2025-09-29,112117.875,114473.5703125,111589.953125,114400.3828125,60000147466.0,BTC-USD
2025-09-30,114396.5234375,114836.6171875,112740.5625,114056.0859375,58986330258.0,BTC-USD
2025-10-01,114057.59375,118648.9296875,113981.3984375,118648.9296875,71328680132.0,BTC-USD
2025-10-02,118652.3828125,121086.40625,118383.15625,120681.2578125,71415163912.0,BTC-USD
2025-10-03,120656.984375,123944.703125,119344.3125,122266.53125,83941392228.0,BTC-USD
2025-10-04,122267.46875,122857.640625,121577.5703125,122425.4296875,36769171735.0,BTC-USD
2025-10-05,122419.671875,125559.2109375,122191.9609375,123513.4765625,73689317763.0,BTC-USD
2025-10-06,123510.453125,126198.0703125,123196.046875,124752.53125,72568881188.0,BTC-USD
2025-10-07,124752.140625,125184.0234375,120681.96875,121451.3828125,76149412513.0,BTC-USD
2025-10-08,121448.3515625,124167.09375,121119.1796875,123354.8671875,65354305286.0,BTC-USD
2025-10-09,123337.0703125,123739.34375,119812.03125,121705.5859375,74653009425.0,BTC-USD
2025-10-10,121704.7421875,122509.6640625,104582.4140625,113214.3671875,153125018868.0,BTC-USD
2025-10-11,113236.4296875,113429.7265625,109760.5625,110807.8828125,110236934340.0,BTC-USD
2025-10-12,110811.515625,115805.0625,109715.5390625,115169.765625,93710414091.0,BTC-USD
2025-10-13,115161.6796875,116020.484375,113821.1875,115271.078125,71582026739.0,BTC-USD
2025-10-14,115264.8828125,115502.8828125,110029.484375,113118.6640625,92212917403.0,BTC-USD
2025-10-15,113113.96875,113622.3828125,110235.8359375,110783.1640625,72574132855.0,BTC-USD
2025-10-16,110782.171875,111990.8125,107537.03125,108186.0390625,87306423067.0,BTC-USD
2025-10-17,108179.1328125,109235.8046875,103598.4296875,106467.7890625,99703051669.0,BTC-USD
2025-10-18,106483.734375,107490.984375,106387.453125,107198.265625,37779905278.0,BTC-USD
2025-10-19,107204.3125,109488.9921875,106157.7890625,108666.7109375,47657008953.0,BTC-USD
2025-10-20,108667.4453125,111711.03125,107485.015625,110588.9296875,63507793085.0,BTC-USD
2025-10-21,110587.6328125,113996.34375,107534.75,108476.890625,101194375480.0,BTC-USD
2025-10-22,108491.53125,109115.1328125,106778.0,107688.5859375,80807013218.0,BTC-USD
2025-10-23,107679.4375,111288.59375,107548.4296875,110069.7265625,54944076060.0,BTC-USD
2025-10-24,110069.3515625,111842.53125,109770.1484375,111033.921875,48160816980.0,BTC-USD
2025-10-25,111032.6171875,111947.703125,110704.40625,111641.7265625,24707667305.0,BTC-USD
2025-10-26,111639.0546875,115260.90625,111268.484375,114472.4453125,41708524143.0,BTC-USD
2025-10-27,114479.8515625,116273.3125,113882.2890625,114119.328125,61761358733.0,BTC-USD
2025-10-28,114129.0859375,116078.984375,112291.6796875,112956.1640625,64528066504.0,BTC-USD
2025-10-29,112921.328125,113642.7265625,109368.71875,110055.3046875,62192043469.0,BTC-USD
2025-10-30,110059.1953125,111612.3515625,106376.6875,108305.546875,69673964814.0,BTC-USD
2025-10-31,108304.4140625,111031.8203125,108288.2734375,109556.1640625,60090359560.0,BTC-USD
2025-11-01,109558.625,110574.8984375,109372.953125,110064.015625,25871668762.0,BTC-USD
2025-11-02,110064.4296875,111167.3125,109523.453125,110639.625,34284209459.0,BTC-USD
2025-11-03,110646.90625,110764.9140625,105336.359375,106547.5234375,72852006359.0,BTC-USD
2025-11-04,106541.421875,107264.8828125,98962.0625,101590.5234375,110967184773.0,BTC-USD
2025-11-05,101579.234375,104534.703125,98989.9140625,103891.8359375,77584934804.0,BTC-USD
2025-11-06,103893.6640625,104147.3046875,100336.8671875,101301.2890625,63932752861.0,BTC-USD
2025-11-07,101286.2421875,104052.9140625,99257.0546875,103372.40625,92168030081.0,BTC-USD
2025-11-08,103371.703125,103373.5625,101458.0390625,102282.1171875,51446691095.0,BTC-USD
2025-11-09,102278.984375,105418.3671875,101468.875,104719.640625,59679243013.0,BTC-USD
2025-11-10,104723.7734375,106564.6953125,104350.6484375,105996.59375,69585887229.0,BTC-USD
2025-11-11,105996.859375,107428.2578125,102457.328125,102997.46875,71130078574.0,BTC-USD
2025-11-12,103011.4375,105297.234375,100836.6171875,101663.1875,64347179408.0,BTC-USD
2025-11-13,101674.1484375,104005.4921875,97988.71875,99697.4921875,101546815416.0,BTC-USD
2025-11-14,99694.703125,99804.4296875,94000.734375,94397.7890625,114346441890.0,BTC-USD
2025-11-15,94420.46875,96728.46875,94420.46875,95549.1484375,38500716654.0,BTC-USD
2025-11-16,95556.8671875,96564.1875,92971.1640625,94177.078125,71086235862.0,BTC-USD
2025-11-17,94180.875,95928.3671875,91214.7578125,92093.875,94186165724.0,BTC-USD
2025-11-18,92094.53125,93745.078125,89300.4609375,92948.875,101333569062.0,BTC-USD
2025-11-19,92946.1640625,92946.1640625,88526.828125,91465.9921875,80350354656.0,BTC-USD
2025-11-20,91459.3515625,93025.0703125,86040.796875,86631.8984375,97970645638.0,BTC-USD
2025-11-21,86528.7734375,87380.8046875,80659.8125,85090.6875,129157506112.0,BTC-USD
2025-11-22,85098.5625,85503.0078125,83490.8984375,84648.359375,40793099246.0,BTC-USD
2025-11-23,84648.609375,88038.46875,84641.7734375,86805.0078125,58083435576.0,BTC-USD
2025-11-24,86798.7734375,89206.3359375,85272.1953125,88270.5625,74433896110.0,BTC-USD
2025-11-25,88269.9609375,88457.3359375,86131.4296875,87341.890625,64837343545.0,BTC-USD
2025-11-26,87345.5859375,90581.15625,86316.8984375,90518.3671875,66496301869.0,BTC-USD
2025-11-27,90517.765625,91897.578125,90089.515625,91285.375,57040622845.0,BTC-USD
2025-11-28,91285.3828125,92969.0859375,90257.1171875,90919.265625,60895830289.0,BTC-USD
2025-11-29,90918.7421875,91187.6171875,90260.1875,90851.7578125,37921773455.0,BTC-USD
2025-11-30,90838.2109375,91965.046875,90394.3125,90394.3125,38497902869.0,BTC-USD
2025-12-01,90389.109375,90398.15625,83862.25,86321.5703125,87962894424.0,BTC-USD
2025-12-02,86322.5390625,92316.6328125,86202.1953125,91350.203125,78546798211.0,BTC-USD
2025-12-03,91345.09375,94060.7734375,91056.390625,93527.8046875,77650204986.0,BTC-USD
2025-12-04,93454.2578125,94038.2421875,90976.1015625,92141.625,64538402681.0,BTC-USD
2025-12-05,92133.6484375,92702.640625,88152.140625,89387.7578125,63256398633.0,BTC-USD
2025-12-06,89389.359375,90267.4609375,88951.6640625,89272.375,37994042405.0,BTC-USD
2025-12-07,89277.8125,91740.84375,87799.5625,90405.640625,47394898960.0,BTC-USD
2025-12-08,90424.5859375,92267.1171875,89644.890625,90640.203125,57394099056.0,BTC-USD
2025-12-09,90639.703125,94601.5703125,89586.9765625,92691.7109375,66861721440.0,BTC-USD
2025-12-10,92695.234375,94477.15625,91640.1328125,92020.9453125,65420694513.0,BTC-USD
2025-12-11,92011.3046875,93554.265625,89335.296875,92511.3359375,64532834621.0,BTC-USD
2025-12-12,92513.6640625,92747.9296875,89532.6015625,90270.4140625,80275884583.0,BTC-USD
2025-12-13,90257.796875,90647.5703125,89800.9921875,90298.7109375,64237748110.0,BTC-USD
2025-12-14,90296.4375,90498.109375,87634.9375,88175.1796875,50465972205.0,BTC-USD
2025-12-15,88171.078125,89983.921875,85304.078125,86419.78125,45559514323.0,BTC-USD
2025-12-16,86424.40625,88170.09375,85381.6875,87843.984375,41262178223.0,BTC-USD
2025-12-17,87847.6171875,90264.5703125,85316.265625,86143.7578125,44243392914.0,BTC-USD
2025-12-18,86144.3671875,89412.6640625,84436.3125,85462.5078125,52667115348.0,BTC-USD
2025-12-19,85476.1328125,89339.1171875,85107.6640625,88103.3828125,46733310561.0,BTC-USD
2025-12-20,88101.671875,88497.203125,87924.875,88344.0,14688196659.0,BTC-USD
2025-12-21,88344.703125,89027.953125,87613.203125,88621.75,19845522660.0,BTC-USD
2025-12-22,88621.3984375,90501.9296875,87908.0703125,88490.015625,38047472118.0,BTC-USD
2025-12-23,88490.03125,88898.3828125,86606.9765625,87414.0,43683011533.0,BTC-USD
2025-12-24,87404.3203125,87956.8828125,86411.796875,87611.9609375,25550297986.0,BTC-USD
2025-12-25,87608.3203125,88501.7890625,86949.2578125,87234.7421875,19953216347.0,BTC-USD
2025-12-26,87235.5078125,89459.4296875,86628.140625,87301.4296875,42455674908.0,BTC-USD
2025-12-27,87301.4296875,87874.78125,87182.9765625,87802.15625,13741199310.0,BTC-USD
2025-12-28,87799.34375,87986.890625,87394.953125,87835.8359375,15156557929.0,BTC-USD
2025-12-29,87835.7890625,90299.15625,86717.9140625,87138.140625,48411625849.0,BTC-USD
2025-12-30,87134.3515625,89297.9375,86735.546875,88430.1328125,35586356225.0,BTC-USD
2025-12-31,88429.5859375,89080.2890625,87130.5625,87508.828125,33830210616.0,BTC-USD
2026-01-01,87508.046875,88803.2265625,87399.40625,88731.984375,18849043990.0,BTC-USD
2026-01-02,88733.0625,90884.4609375,88298.6171875,89944.6953125,46398906171.0,BTC-USD
2026-01-03,89945.0546875,90679.5703125,89328.0703125,90603.1875,20774828592.0,BTC-USD
2026-01-04,90603.0,91712.5859375,90595.1015625,91413.4921875,26770491368.0,BTC-USD
2026-01-05,91414.625,94762.0703125,91414.625,93882.5546875,53376407252.0,BTC-USD
2026-01-06,93876.9453125,94395.296875,91286.546875,93729.03125,52430605257.0,BTC-USD
2026-01-07,93727.46875,93738.7890625,90601.8046875,91308.0546875,43461295053.0,BTC-USD
2026-01-08,91309.640625,91485.8515625,89233.875,91027.125,42386697030.0,BTC-USD
2026-01-09,91026.2734375,91910.671875,89625.3828125,90513.1015625,38305906684.0,BTC-USD
2026-01-10,90510.1015625,90713.03125,90283.3984375,90386.6484375,12385895282.0,BTC-USD
2026-01-11,90385.359375,91155.2265625,90212.0234375,90827.4609375,17165568977.0,BTC-USD
2026-01-12,90825.859375,92395.5234375,90055.0234375,91192.9921875,41346275358.0,BTC-USD
2026-01-13,91185.3359375,96011.625,90941.9296875,95321.78125,54980674354.0,BTC-USD
2026-01-14,95322.90625,97860.6015625,94583.046875,96929.328125,60592490863.0,BTC-USD
2026-01-15,96931.2890625,97150.171875,95103.2421875,95551.1875,53086363027.0,BTC-USD
2026-01-16,95554.1015625,95801.890625,94259.2734375,95525.1171875,33248170537.0,BTC-USD
2026-01-17,95525.15625,95598.4765625,95005.6171875,95099.921875,16021715122.0,BTC-USD
2026-01-18,95101.1796875,95491.5078125,93588.8671875,93634.4296875,20809781232.0,BTC-USD
2026-01-19,93655.671875,93660.828125,92089.25,92553.59375,39195241508.0,BTC-USD
2026-01-20,92553.6015625,92798.4296875,87814.9296875,88310.90625,53072968031.0,BTC-USD
2026-01-21,88326.5078125,90430.40625,87231.5703125,89376.9609375,56330422434.0,BTC-USD
2026-01-22,89378.5234375,90258.9609375,88438.4453125,89462.453125,35549685694.0,BTC-USD
2026-01-23,89462.046875,91100.25,88486.359375,89503.875,38997586037.0,BTC-USD
2026-01-24,89506.1484375,89811.609375,89044.2890625,89110.734375,14558687712.0,BTC-USD
2026-01-25,89104.765625,89193.1484375,86003.7109375,86572.21875,36124986722.0,BTC-USD
2026-01-26,86566.5234375,88743.0703125,86429.2890625,88267.140625,45329286974.0,BTC-USD
2026-01-27,88257.4765625,89427.125,87228.921875,89102.5703125,38744942267.0,BTC-USD
2026-01-28,89104.046875,90439.2890625,88721.4609375,89184.5703125,39807419296.0,BTC-USD
2026-01-29,89169.8515625,89200.78125,83250.6015625,84561.5859375,64653083162.0,BTC-USD
2026-01-30,84562.7265625,84602.1640625,81071.4765625,84128.65625,72083816087.0,BTC-USD
2026-01-31,84126.5,84136.921875,75815.8828125,78621.1171875,70479259159.0,BTC-USD
2026-02-01,78626.125,79322.609375,75698.8984375,76974.4453125,53372509744.0,BTC-USD
2026-02-02,76968.875,79258.609375,74551.3359375,78688.765625,75140589684.0,BTC-USD
2026-02-03,78693.5078125,79118.8515625,72897.140625,75633.546875,68249110822.0,BTC-USD
2026-02-04,75640.09375,76864.65625,71779.9296875,73019.703125,67215363944.0,BTC-USD
2026-02-05,73016.375,73161.5546875,62353.53515625,62702.09765625,125509410908.0,BTC-USD
2026-02-06,62704.453125,71681.3046875,60074.203125,70555.390625,114674259489.0,BTC-USD
2026-02-07,70553.796875,71611.1484375,67364.4453125,69281.96875,62347107663.0,BTC-USD
2026-02-08,69283.7265625,72206.90625,68852.8984375,70264.7265625,39721722619.0,BTC-USD
2026-02-09,70243.328125,71369.96875,68291.03125,70120.78125,52081598792.0,BTC-USD
2026-02-10,70137.390625,70464.265625,67913.09375,68793.9609375,40593063077.0,BTC-USD
2026-02-11,68791.859375,69242.6796875,65757.3046875,66991.96875,49671946030.0,BTC-USD
2026-02-12,66992.1953125,68339.4921875,65092.109375,66221.84375,44651071271.0,BTC-USD
2026-02-13,66213.375,69382.8359375,65835.78125,68857.84375,40820775886.0,BTC-USD
2026-02-14,68856.984375,70481.1640625,68706.6171875,69767.625,36012397645.0,BTC-USD
2026-02-15,69764.953125,70939.2890625,68052.546875,68788.1875,40191152750.0,BTC-USD
2026-02-16,68782.3984375,70067.234375,67301.5859375,68843.15625,33618145426.0,BTC-USD
2026-02-17,68843.09375,69201.8671875,66615.28125,67494.21875,34866936040.0,BTC-USD
2026-02-18,67488.0234375,68434.4296875,65845.8984375,66425.3203125,33094301643.0,BTC-USD
2026-02-19,66425.625,67277.125,65637.4296875,66957.5234375,31492987019.0,BTC-USD
2026-02-20,66958.578125,68269.03125,66452.484375,68005.421875,47507867304.0,BTC-USD
2026-02-21,68000.25,68657.703125,67533.0703125,68003.765625,18357635642.0,BTC-USD
2026-02-22,67998.828125,68235.2265625,67185.6015625,67659.390625,17893536012.0,BTC-USD
2026-02-23,67668.4296875,67668.4296875,63924.4375,64616.73828125,50953457309.0,BTC-USD
2026-02-24,64616.015625,64992.15625,62553.1875,64080.04296875,40849331086.0,BTC-USD
2026-02-25,64077.76953125,69953.53125,63942.484375,67960.125,53629234355.0,BTC-USD
2026-02-26,67954.8671875,68843.3515625,66523.734375,67453.7734375,42988597523.0,BTC-USD
2026-02-27,67456.515625,68220.40625,64946.03515625,65881.796875,40283655942.0,BTC-USD
2026-02-28,65878.9296875,67714.5234375,63062.21875,66995.859375,42041497112.0,BTC-USD
2026-03-01,67005.8828125,68162.8203125,65076.73046875,65738.1015625,40733141929.0,BTC-USD
2026-03-02,65734.078125,70044.0,65303.13671875,68775.8515625,56698092052.0,BTC-USD
2026-03-03,68785.078125,69232.890625,66237.6171875,68293.6484375,47947999049.0,BTC-USD
2026-03-04,68290.5625,74051.8046875,67437.40625,72710.578125,75073101274.0,BTC-USD
2026-03-05,72712.65625,73555.7890625,70654.8828125,70841.125,51172841727.0,BTC-USD
2026-03-06,70842.15625,71378.5703125,67757.8203125,68136.4921875,43776962871.0,BTC-USD
2026-03-07,68136.6875,68515.1640625,66969.2578125,67272.59375,23258701211.0,BTC-USD
2026-03-08,67272.5,68177.7890625,65639.1953125,65969.78125,33195080116.0,BTC-USD
2026-03-09,65969.5859375,69474.9453125,65858.0078125,68402.3828125,49499875378.0,BTC-USD
2026-03-10,68402.71875,71770.8984375,68402.71875,69926.921875,54003996096.0,BTC-USD
2026-03-11,69931.25,71337.6640625,68998.8671875,70204.8828125,45236859848.0,BTC-USD
2026-03-12,70209.765625,70775.828125,69230.15625,70493.4609375,40871848129.0,BTC-USD
2026-03-13,70497.046875,73927.328125,70410.7265625,70968.265625,61167226505.0,BTC-USD
2026-03-14,70965.3828125,71291.203125,70339.5859375,71214.625,22283546496.0,BTC-USD
2026-03-15,71213.6796875,73173.0078125,70882.421875,72789.9140625,27991268669.0,BTC-USD
2026-03-16,72798.171875,74901.859375,72300.6328125,74861.0859375,55572438409.0,BTC-USD
2026-03-17,74855.296875,75988.3984375,73444.2265625,73922.4765625,49500721728.0,BTC-USD
2026-03-18,73936.8515625,74658.9765625,70503.859375,71245.578125,46229011155.0,BTC-USD
2026-03-19,71250.3515625,71598.84375,68805.5234375,69912.7890625,44631433398.0,BTC-USD
2026-03-20,69911.53125,71346.796875,69398.8828125,70522.5859375,38299078407.0,BTC-USD
2026-03-21,70522.46875,71051.2734375,68602.9140625,68711.5234375,21109354718.0,BTC-USD
2026-03-22,68737.4453125,69561.7734375,67372.875,67845.2109375,30108051508.0,BTC-USD
2026-03-23,67843.0,71782.2578125,67458.84375,70914.859375,51508669357.0,BTC-USD
2026-03-24,70912.671875,71371.3046875,68920.6953125,70517.859375,40181522399.0,BTC-USD
2026-03-25,70520.046875,71985.7421875,70383.59375,71309.8828125,35409791747.0,BTC-USD
2026-03-26,71310.1171875,71410.390625,68118.3515625,68791.625,38962070215.0,BTC-USD
2026-03-27,68790.8359375,69117.53125,65532.5703125,66338.375,46483453594.0,BTC-USD
2026-03-28,66338.5,67232.859375,65906.7421875,66319.6953125,20924883455.0,BTC-USD
2026-03-29,66319.6953125,67052.953125,64971.70703125,65954.921875,21645889785.0,BTC-USD
2026-03-30,65958.3515625,68087.2890625,65759.8046875,66691.4453125,37694994180.0,BTC-USD
2026-03-31,66694.5859375,68495.2734375,65950.4375,68233.3125,42997691338.0,BTC-USD
2026-04-01,68232.890625,69230.359375,67555.359375,68078.5546875,36465393617.0,BTC-USD
2026-04-02,68077.8984375,68633.1484375,65725.2578125,66888.5703125,39323384518.0,BTC-USD
2026-04-03,66889.015625,67296.234375,66281.5390625,66931.1015625,22815543346.0,BTC-USD
2026-04-04,66938.6484375,67515.015625,66769.640625,67290.515625,15878814963.0,BTC-USD
2026-04-05,67291.1953125,69087.65625,66610.6328125,68981.8984375,22972648674.0,BTC-USD
2026-04-06,68982.9140625,70305.421875,68347.078125,68859.828125,39542143229.0,BTC-USD
2026-04-07,68859.375,72732.4296875,67740.5078125,71940.703125,44650511480.0,BTC-USD
2026-04-08,71950.1484375,72825.1875,70707.46875,71123.359375,42444631703.0,BTC-USD
2026-04-09,71120.5703125,73107.265625,70486.359375,71767.828125,38799581473.0,BTC-USD
2026-04-10,71774.3671875,73440.1171875,71434.828125,72979.046875,37722595732.0,BTC-USD
2026-04-11,72976.125,73784.234375,72556.3359375,73054.2734375,23287073965.0,BTC-USD
2026-04-12,73056.046875,73154.03125,70540.5703125,70753.40625,29882740487.0,BTC-USD
2026-04-13,70757.6171875,74896.3125,70588.5234375,74484.640625,52278211554.0,BTC-USD
2026-04-14,74478.3984375,76061.7578125,73877.203125,74181.609375,53540826530.0,BTC-USD
2026-04-15,74182.0234375,75409.2734375,73549.203125,74805.078125,38090174312.0,BTC-USD
2026-04-16,74810.875,75506.5703125,73346.265625,75152.1328125,41312783855.0,BTC-USD
2026-04-17,75164.0390625,78320.6796875,74558.6015625,77126.875,54137194839.0,BTC-USD
2026-04-18,77136.046875,77416.703125,75504.9453125,75726.2109375,26014416776.0,BTC-USD
2026-04-19,75723.6953125,76243.09375,73802.3828125,73856.3515625,30931515195.0,BTC-USD
2026-04-20,73854.25,76575.359375,73775.5703125,75872.5234375,39674447916.0,BTC-USD
2026-04-21,75872.828125,76881.4765625,74852.671875,76352.7734375,36453522626.0,BTC-USD
2026-04-22,76354.21875,79468.0,76159.578125,78203.1015625,48336654537.0,BTC-USD
2026-04-23,78203.875,78676.9375,77014.453125,78268.953125,40354900916.0,BTC-USD
2026-04-24,78263.8203125,78554.09375,77318.4453125,77455.3125,32784213526.0,BTC-USD
2026-04-25,77457.2109375,77882.640625,77184.6640625,77612.015625,16702933134.0,BTC-USD
2026-04-26,77613.1171875,78923.5625,77334.890625,78657.5390625,21482934750.0,BTC-USD
2026-04-27,78661.015625,79488.171875,76481.34375,77366.625,38135631927.0,BTC-USD
2026-04-28,77368.1171875,77483.8671875,75673.6015625,76350.671875,32056900880.0,BTC-USD
2026-04-29,76350.6875,77884.96875,74958.5703125,75776.1328125,41460907886.0,BTC-USD
2026-04-30,75778.6328125,76611.484375,75318.984375,76304.3203125,29497862305.0,BTC-USD
2026-05-01,76305.0546875,78894.9765625,76294.6953125,78179.0,39164328894.0,BTC-USD
2026-05-02,78177.75,79119.7890625,78031.9609375,78657.25,16761531851.0,BTC-USD
2026-05-03,78656.7265625,79402.359375,78073.078125,78538.2265625,20544392639.0,BTC-USD
2026-05-04,78540.2890625,80742.359375,78217.9609375,79827.90625,54325085296.0,BTC-USD
2026-05-05,79823.53125,81751.453125,79787.578125,80927.0546875,39700107376.0,BTC-USD
2026-05-06,80930.734375,82792.2109375,80751.0234375,81427.53125,41751540000.0,BTC-USD
2026-05-07,81428.8515625,81684.953125,79522.65625,80009.9921875,36931193154.0,BTC-USD
2026-05-08,80009.625,80447.265625,79205.515625,80186.765625,33789351540.0,BTC-USD
2026-05-09,80187.7421875,81030.0625,80119.9296875,80664.3671875,18102086996.0,BTC-USD
2026-05-10,80665.609375,82430.171875,80274.1328125,82138.9296875,26965971077.0,BTC-USD
2026-05-11,82139.046875,82326.234375,80451.421875,81728.296875,32409774919.0,BTC-USD
2026-05-12,81725.3515625,81753.03125,79832.1015625,80477.4921875,32186688600.0,BTC-USD
2026-05-13,80476.7890625,81276.671875,78725.5078125,79277.1171875,34075428359.0,BTC-USD
2026-05-14,79276.9453125,82005.9609375,78909.6796875,81051.25,43731663431.0,BTC-USD
2026-05-15,81046.8671875,81634.84375,78635.3671875,79065.6796875,38183347368.0,BTC-USD
2026-05-16,79066.0,79173.5,77630.734375,78131.4375,25895799905.0,BTC-USD
2026-05-17,78133.5859375,78539.3984375,76783.4140625,77429.3515625,20900166465.0,BTC-USD
2026-05-18,77426.34375,77749.3203125,76029.2265625,76954.171875,41520471808.0,BTC-USD
2026-05-19,76954.75,77346.8671875,76082.3671875,76750.90625,26031898332.0,BTC-USD
2026-05-20,76749.453125,77775.5703125,76463.6484375,77457.7734375,26668360936.0,BTC-USD
2026-05-21,77462.5078125,78100.5625,76655.4375,77539.171875,27141485404.0,BTC-USD
2026-05-22,77538.1171875,77819.453125,75323.875,75488.2421875,27859040109.0,BTC-USD
2026-05-23,75488.3125,77288.1171875,74255.234375,76673.3671875,29973220002.0,BTC-USD
2026-05-24,76670.65625,77372.5390625,76019.890625,76981.125,20572738918.0,BTC-USD
2026-05-25,76981.125,77804.921875,76833.0390625,77279.9296875,19808387601.0,BTC-USD
2026-05-26,77280.125,77990.8671875,75569.46875,75825.734375,35999475458.0,BTC-USD
2026-05-27,75825.3046875,76014.296875,74136.5,74344.703125,33802172927.0,BTC-USD
2026-05-28,74339.5703125,74460.125,72493.4140625,73536.5546875,40148145327.0,BTC-USD
2026-05-29,73537.03125,74218.5625,72435.625,73372.5234375,34457929250.0,BTC-USD
2026-05-30,73370.8515625,74020.7578125,73125.234375,73754.8359375,19563589191.0,BTC-USD
2026-05-31,73753.75,74153.5,73315.015625,73579.6875,17445435650.0,BTC-USD
2026-06-01,73580.2109375,73969.5703125,70599.5078125,71319.7734375,43378836121.0,BTC-USD
2026-06-02,71321.03125,71334.953125,66127.265625,66703.65625,54990073882.0,BTC-USD
2026-06-03,66694.0078125,67402.9296875,64009.67578125,64014.3671875,47411556213.0,BTC-USD
2026-06-04,64020.0703125,64664.4453125,61335.75,63801.57421875,63800151780.0,BTC-USD
2026-06-05,63807.69140625,63901.515625,59108.91796875,60922.66796875,71465606706.0,BTC-USD
2026-06-06,60924.4765625,61491.703125,59496.625,60867.4140625,30898464957.0,BTC-USD
2026-06-07,60866.94140625,64128.04296875,60724.06640625,63239.51953125,36006496194.0,BTC-USD
2026-06-08,63244.0859375,64185.765625,62384.66796875,63090.58984375,34133252457.0,BTC-USD
2026-06-09,63092.890625,63486.08984375,60756.6875,61643.78125,40144449754.0,BTC-USD
2026-06-10,61643.20703125,62788.27734375,60788.0234375,61449.2890625,27493506779.0,BTC-USD
2026-06-11,61448.87890625,63851.94921875,61447.96875,63561.0546875,29316677897.0,BTC-USD
2026-06-12,63547.44140625,64334.015625,62778.79296875,63543.19921875,26881868307.0,BTC-USD
2026-06-13,63541.515625,64700.87890625,63431.3203125,64421.32421875,16956245530.0,BTC-USD
2026-06-14,64420.16796875,65749.78125,63634.0234375,65710.3984375,21572226975.0,BTC-USD
2026-06-15,65711.109375,67248.1328125,65315.8359375,66289.5,32927321950.0,BTC-USD
2026-06-16,66289.4609375,66928.609375,65315.0703125,65600.640625,25063963967.0,BTC-USD
2024-12-18,11.420000076293945,11.574999809265137,10.829999923706055,10.880000114440918,886700.0,SGML
2024-12-19,10.890000343322754,11.1899995803833,10.579999923706055,10.899999618530273,745400.0,SGML
2024-12-20,10.8100004196167,11.300000190734863,10.795000076293945,11.010000228881836,502400.0,SGML
2024-12-23,11.0,11.25,10.890000343322754,11.170000076293945,362700.0,SGML
2024-12-24,11.170000076293945,11.460000038146973,11.069999694824219,11.319999694824219,233700.0,SGML
2024-12-26,11.180000305175781,11.4399995803833,11.100000381469727,11.15999984741211,584500.0,SGML
2024-12-27,11.15999984741211,11.265000343322754,10.954999923706055,11.229999542236328,380500.0,SGML
2024-12-30,11.069999694824219,11.229999542236328,10.649999618530273,11.039999961853027,652300.0,SGML
2024-12-31,11.3100004196167,11.489999771118164,11.020000457763672,11.220000267028809,473300.0,SGML
2025-01-02,11.220000267028809,12.420000076293945,11.220000267028809,12.300000190734863,1340100.0,SGML
2025-01-03,12.479999542236328,12.5,11.8100004196167,12.09000015258789,715500.0,SGML
2025-01-06,12.020000457763672,13.03499984741211,12.020000457763672,12.979999542236328,683600.0,SGML
2025-01-07,13.0600004196167,13.399999618530273,12.699999809265137,12.829999923706055,451200.0,SGML
2025-01-08,12.5,12.704999923706055,12.279999732971191,12.4399995803833,369600.0,SGML
2025-01-10,12.359999656677246,12.425000190734863,11.399999618530273,11.670000076293945,559900.0,SGML
2025-01-13,11.670000076293945,11.954999923706055,11.399999618530273,11.90999984741211,552200.0,SGML
2025-01-14,11.970000267028809,12.125,11.6899995803833,11.979999542236328,474900.0,SGML
2025-01-15,12.319999694824219,12.395000457763672,12.0,12.15999984741211,314400.0,SGML
2025-01-16,12.210000038146973,12.5600004196167,11.800000190734863,11.8100004196167,394700.0,SGML
2025-01-17,11.760000228881836,12.229999542236328,11.760000228881836,12.010000228881836,289700.0,SGML
2025-01-21,12.180000305175781,12.180000305175781,11.380000114440918,11.539999961853027,491200.0,SGML
2025-01-22,11.529999732971191,11.649999618530273,11.239999771118164,11.380000114440918,505200.0,SGML
2025-01-23,11.279999732971191,11.359999656677246,10.930000305175781,11.039999961853027,737700.0,SGML
2025-01-24,11.15999984741211,11.59000015258789,11.109999656677246,11.125,286600.0,SGML
2025-01-27,10.949999809265137,11.239999771118164,10.779999732971191,10.859999656677246,577600.0,SGML
2025-01-28,10.949999809265137,11.130000114440918,10.569999694824219,10.890000343322754,498800.0,SGML
2025-01-29,10.880000114440918,11.0,10.579999923706055,10.760000228881836,499300.0,SGML
2025-01-30,10.710000038146973,11.039999961853027,10.65999984741211,10.850000381469727,291900.0,SGML
2025-01-31,10.859999656677246,11.170000076293945,10.609999656677246,10.75,446200.0,SGML
2025-02-03,10.449999809265137,10.529999732971191,10.069999694824219,10.279999732971191,563200.0,SGML
2025-02-04,10.390000343322754,11.649999618530273,10.390000343322754,11.300000190734863,848200.0,SGML
2025-02-05,11.319999694824219,11.489999771118164,10.779999732971191,11.100000381469727,919400.0,SGML
2025-02-06,11.069999694824219,11.279999732971191,10.779999732971191,11.1899995803833,486100.0,SGML
2025-02-07,11.220000267028809,11.380000114440918,11.010000228881836,11.210000038146973,308700.0,SGML
2025-02-10,11.260000228881836,11.300000190734863,10.930000305175781,11.079999923706055,325200.0,SGML
2025-02-11,10.979999542236328,11.1899995803833,10.739999771118164,10.90999984741211,282000.0,SGML
2025-02-12,10.770000457763672,11.385000228881836,10.765000343322754,11.1899995803833,390500.0,SGML
2025-02-13,11.199999809265137,11.369999885559082,10.859999656677246,11.329999923706055,366400.0,SGML
2025-02-14,11.180000305175781,11.390000343322754,11.079999923706055,11.289999961853027,297900.0,SGML
2025-02-18,11.350000381469727,11.350000381469727,10.930000305175781,11.149999618530273,314700.0,SGML
2025-02-19,11.0,11.630000114440918,10.994999885559082,11.220000267028809,466700.0,SGML
2025-02-20,11.359999656677246,11.739999771118164,11.15999984741211,11.729999542236328,545000.0,SGML
2025-02-21,11.739999771118164,11.869999885559082,11.45300006866455,11.630000114440918,407400.0,SGML
2025-02-24,11.430000305175781,11.729999542236328,11.319999694824219,11.520000457763672,189300.0,SGML
2025-02-25,11.430000305175781,11.800000190734863,11.390000343322754,11.699999809265137,714800.0,SGML
2025-02-26,11.864999771118164,12.1899995803833,11.520000457763672,11.75,657800.0,SGML
2025-02-27,11.800000190734863,12.119999885559082,11.524999618530273,11.670000076293945,624400.0,SGML
2025-02-28,11.5,11.600000381469727,11.119999885559082,11.3100004196167,410600.0,SGML
2025-03-03,11.420000076293945,11.539999961853027,10.960000038146973,11.109999656677246,390400.0,SGML
2025-03-04,10.989999771118164,11.529999732971191,10.640000343322754,11.270000457763672,630000.0,SGML
2025-03-05,11.270000457763672,12.335000038146973,11.260000228881836,12.199999809265137,934000.0,SGML
2025-03-06,12.130000114440918,12.239999771118164,11.670000076293945,12.020000457763672,665000.0,SGML
2025-03-07,11.800000190734863,12.0,11.642000198364258,11.739999771118164,459400.0,SGML
2025-03-10,11.579999923706055,11.710000038146973,10.739999771118164,10.930000305175781,984200.0,SGML
2025-03-11,10.970000267028809,11.074999809265137,10.61400032043457,10.65999984741211,799000.0,SGML
2025-03-12,10.65999984741211,10.854999542236328,10.510000228881836,10.645000457763672,639300.0,SGML
2025-03-13,10.65999984741211,11.010000228881836,10.65999984741211,10.75,350000.0,SGML
2025-03-14,10.9399995803833,11.529999732971191,10.859999656677246,11.449999809265137,369400.0,SGML
2025-03-17,11.569999694824219,12.267000198364258,11.569999694824219,12.140000343322754,980500.0,SGML
2025-03-18,12.100000381469727,12.34000015258789,11.890000343322754,12.210000038146973,668500.0,SGML
2025-03-19,12.279999732971191,12.300000190734863,11.899999618530273,12.130000114440918,502900.0,SGML
2025-03-20,11.920000076293945,11.970000267028809,11.569999694824219,11.630000114440918,298100.0,SGML
2025-03-21,11.4399995803833,11.720000267028809,11.270000457763672,11.680000305175781,774600.0,SGML
2025-03-24,11.739999771118164,12.010000228881836,11.649999618530273,11.649999618530273,339600.0,SGML
2025-03-25,11.65999984741211,11.90999984741211,11.611000061035156,11.699999809265137,375500.0,SGML
2025-03-26,11.770000457763672,11.770000457763672,11.270000457763672,11.520000457763672,251900.0,SGML
2025-03-27,11.350000381469727,11.75,11.289999961853027,11.539999961853027,271200.0,SGML
2025-03-28,11.5,11.779999732971191,11.34000015258789,11.5,564800.0,SGML
2025-03-31,11.100000381469727,11.329999923706055,10.28499984741211,10.399999618530273,902700.0,SGML
2025-04-01,10.359999656677246,10.479999542236328,10.0649995803833,10.154999732971191,754200.0,SGML
2025-04-02,10.050000190734863,10.119999885559082,9.489999771118164,9.920000076293945,1341400.0,SGML
2025-04-03,9.680000305175781,9.720000267028809,8.925000190734863,8.9399995803833,763200.0,SGML
2025-04-04,8.619999885559082,8.619999885559082,7.429999828338623,7.630000114440918,1985300.0,SGML
2025-04-07,7.210000038146973,8.039999961853027,7.079999923706055,7.824999809265137,1611000.0,SGML
2025-04-08,8.3100004196167,8.420000076293945,7.170000076293945,7.320000171661377,819400.0,SGML
2025-04-09,7.449999809265137,8.819999694824219,7.050000190734863,8.600000381469727,2191000.0,SGML
2025-04-10,8.449999809265137,8.5600004196167,7.739999771118164,7.940000057220459,839200.0,SGML
2025-04-11,8.100000381469727,8.359999656677246,7.760000228881836,8.119999885559082,535700.0,SGML
2025-04-14,8.430000305175781,8.5600004196167,7.96999979019165,8.390000343322754,640100.0,SGML
2025-04-15,8.289999961853027,8.3100004196167,7.960000038146973,8.029999732971191,800900.0,SGML
2025-04-16,7.900000095367432,8.045000076293945,7.679999828338623,7.730000019073486,1108800.0,SGML
2025-04-17,7.885000228881836,7.909999847412109,6.769999980926514,7.139999866485596,1106000.0,SGML
2025-04-21,7.090000152587891,7.11299991607666,6.760000228881836,7.0,1314500.0,SGML
2025-04-22,7.179999828338623,7.820000171661377,7.099999904632568,7.670000076293945,1285800.0,SGML
2025-04-23,7.849999904632568,8.545000076293945,7.849999904632568,7.900000095367432,1026800.0,SGML
2025-04-24,7.949999809265137,8.40999984741211,7.929999828338623,8.260000228881836,728400.0,SGML
2025-04-25,8.470000267028809,8.484999656677246,7.949999809265137,8.239999771118164,488200.0,SGML
2025-04-28,8.270000457763672,8.364999771118164,8.039999961853027,8.199999809265137,400500.0,SGML
2025-04-29,8.194999694824219,8.25,8.069999694824219,8.199999809265137,284100.0,SGML
2025-04-30,8.0,8.180000305175781,7.849999904632568,8.039999961853027,970400.0,SGML
2025-05-01,8.170000076293945,8.329999923706055,7.980000019073486,8.149999618530273,399300.0,SGML
2025-05-02,8.279999732971191,8.399999618530273,8.010000228881836,8.289999961853027,589000.0,SGML
2025-05-05,8.34000015258789,8.354999542236328,7.78000020980835,7.789999961853027,506600.0,SGML
2025-05-06,7.679999828338623,7.900000095367432,7.349999904632568,7.349999904632568,999600.0,SGML
2025-05-07,7.369999885559082,7.440000057220459,6.809999942779541,7.03000020980835,1388600.0,SGML
2025-05-08,7.03000020980835,7.499000072479248,7.010000228881836,7.420000076293945,1239400.0,SGML
2025-05-09,7.5,7.64900016784668,7.130000114440918,7.25,1123800.0,SGML
2025-05-12,7.690000057220459,7.75,7.369999885559082,7.440000057220459,1322300.0,SGML
2025-05-13,7.590000152587891,8.010000228881836,7.21999979019165,7.820000171661377,1410400.0,SGML
2025-05-14,7.789999961853027,7.809999942779541,7.380000114440918,7.429999828338623,1952100.0,SGML
2025-05-15,7.389999866485596,7.4629998207092285,6.860000133514404,6.909999847412109,1678800.0,SGML
2025-05-16,6.929999828338623,6.96999979019165,6.46999979019165,6.579999923706055,3336000.0,SGML
2025-05-19,6.5,6.505000114440918,5.84499979019165,5.989999771118164,2529200.0,SGML
2025-05-20,6.090000152587891,6.119999885559082,5.769999980926514,5.800000190734863,1755500.0,SGML
2025-05-21,5.804999828338623,5.804999828338623,5.414999961853027,5.489999771118164,2097900.0,SGML
2025-05-22,5.449999809265137,5.960000038146973,5.230000019073486,5.940000057220459,2060700.0,SGML
2025-05-23,5.795000076293945,6.199999809265137,5.699999809265137,5.900000095367432,1585700.0,SGML
2025-05-27,5.989999771118164,6.079999923706055,5.480000019073486,5.519999980926514,1310600.0,SGML
2025-05-28,5.550000190734863,5.579999923706055,5.204999923706055,5.289999961853027,1248500.0,SGML
2025-05-29,5.340000152587891,5.353000164031982,4.993000030517578,5.005000114440918,1229700.0,SGML
2025-05-30,5.014999866485596,5.014999866485596,4.650000095367432,4.690000057220459,2225600.0,SGML
2025-06-02,4.800000190734863,4.869999885559082,4.53000020980835,4.639999866485596,1344200.0,SGML
2025-06-03,4.650000095367432,5.099999904632568,4.519999980926514,5.010000228881836,2289900.0,SGML
2025-06-04,5.070000171661377,5.099999904632568,4.849999904632568,4.960000038146973,1089100.0,SGML
2025-06-05,5.010000228881836,5.260000228881836,5.010000228881836,5.139999866485596,1265000.0,SGML
2025-06-06,5.199999809265137,5.349999904632568,5.090000152587891,5.21999979019165,1607700.0,SGML
2025-06-09,5.320000171661377,5.760000228881836,5.300000190734863,5.570000171661377,2045900.0,SGML
2025-06-10,5.670000076293945,5.929999828338623,5.329999923706055,5.679999828338623,2488800.0,SGML
2025-06-11,5.710000038146973,5.800000190734863,5.425000190734863,5.46999979019165,1381500.0,SGML
2025-06-12,5.440000057220459,5.445000171661377,5.050000190734863,5.130000114440918,1562000.0,SGML
2025-06-13,5.019999980926514,5.215000152587891,4.96999979019165,5.019999980926514,1618600.0,SGML
2025-06-16,5.260000228881836,5.289999961853027,5.019999980926514,5.090000152587891,1865300.0,SGML
2025-06-17,5.010000228881836,5.130000114440918,4.739999771118164,5.059999942779541,2202200.0,SGML
2025-06-18,4.989999771118164,5.119999885559082,4.900000095367432,4.940000057220459,903100.0,SGML
2025-06-20,4.960000038146973,5.0,4.704999923706055,4.760000228881836,2148300.0,SGML
2025-06-23,4.795000076293945,4.820000171661377,4.550000190734863,4.610000133514404,1442700.0,SGML
2025-06-24,4.800000190734863,4.800000190734863,4.53000020980835,4.550000190734863,1822700.0,SGML
2025-06-25,4.550000190734863,4.559999942779541,4.25,4.28000020980835,2307600.0,SGML
2025-06-26,4.320000171661377,4.764999866485596,4.315000057220459,4.659999847412109,2481200.0,SGML
2025-06-27,4.679999828338623,4.739999771118164,4.460999965667725,4.619999885559082,1794800.0,SGML
2025-06-30,4.619999885559082,4.710000038146973,4.454999923706055,4.5,1049300.0,SGML
2025-07-01,4.460000038146973,4.460000038146973,4.25,4.349999904632568,1160200.0,SGML
2025-07-02,4.400000095367432,5.050000190734863,4.400000095367432,4.809999942779541,3476800.0,SGML
2025-07-03,4.989999771118164,5.75,4.985000133514404,5.190000057220459,3003500.0,SGML
2025-07-07,5.125,5.210000038146973,4.940000057220459,5.079999923706055,1863900.0,SGML
2025-07-08,5.099999904632568,5.679999828338623,5.099999904632568,5.639999866485596,2774200.0,SGML
2025-07-09,5.659999847412109,5.659999847412109,5.360000133514404,5.420000076293945,2764300.0,SGML
2025-07-10,5.570000171661377,5.949999809265137,5.480000019073486,5.630000114440918,2767900.0,SGML
2025-07-11,5.554999828338623,5.650000095367432,5.150000095367432,5.630000114440918,3228100.0,SGML
2025-07-14,5.704999923706055,6.215000152587891,5.650000095367432,6.039999961853027,2990200.0,SGML
2025-07-15,6.099999904632568,6.204999923706055,5.840000152587891,6.059999942779541,2136300.0,SGML
2025-07-16,6.179999828338623,6.349999904632568,5.989999771118164,6.119999885559082,2791200.0,SGML
2025-07-17,6.28000020980835,6.860000133514404,6.25,6.650000095367432,2862900.0,SGML
2025-07-18,6.864999771118164,7.0,6.559999942779541,6.650000095367432,2808200.0,SGML
2025-07-21,6.840000152587891,7.125,6.699999809265137,6.739999771118164,2932200.0,SGML
2025-07-22,6.940000057220459,7.335000038146973,6.78000020980835,7.119999885559082,2476300.0,SGML
2025-07-23,7.050000190734863,7.159999847412109,6.610000133514404,6.809999942779541,2324600.0,SGML
2025-07-24,7.03000020980835,7.574999809265137,6.889999866485596,7.21999979019165,4564700.0,SGML
2025-07-25,7.260000228881836,7.460000038146973,6.949999809265137,7.119999885559082,2514100.0,SGML
2025-07-28,6.929999828338623,6.96999979019165,6.349999904632568,6.550000190734863,2580100.0,SGML
2025-07-29,6.304999828338623,6.324999809265137,5.949999809265137,5.985000133514404,2212000.0,SGML
2025-07-30,6.0,6.013999938964844,5.449999809265137,5.510000228881836,3314400.0,SGML
2025-07-31,5.449999809265137,5.514999866485596,5.150000095367432,5.190000057220459,2059300.0,SGML
2025-08-01,4.860000133514404,5.186999797821045,4.860000133514404,5.079999923706055,1561200.0,SGML
2025-08-04,5.139999866485596,5.269999980926514,5.054999828338623,5.079999923706055,2170000.0,SGML
2025-08-05,5.144999980926514,5.179999828338623,5.010000228881836,5.090000152587891,2400400.0,SGML
2025-08-06,5.210000038146973,5.210000038146973,4.929999828338623,4.989999771118164,1702100.0,SGML
2025-08-07,5.119999885559082,5.429999828338623,5.005000114440918,5.199999809265137,4015500.0,SGML
2025-08-08,5.369999885559082,5.539999961853027,5.210000038146973,5.440000057220459,4398000.0,SGML
2025-08-11,6.485000133514404,6.880000114440918,6.159999847412109,6.679999828338623,7312900.0,SGML
2025-08-12,6.510000228881836,6.610000133514404,6.15500020980835,6.21999979019165,3877800.0,SGML
2025-08-13,6.510000228881836,6.590000152587891,5.860000133514404,5.860000133514404,3455600.0,SGML
2025-08-14,5.789999961853027,5.989999771118164,5.535999774932861,5.650000095367432,3053200.0,SGML
2025-08-15,5.769999980926514,7.389999866485596,5.769999980926514,6.400000095367432,11259100.0,SGML
2025-08-18,6.545000076293945,6.909999847412109,6.2820000648498535,6.449999809265137,3436700.0,SGML
2025-08-19,6.449999809265137,6.605000019073486,6.059999942779541,6.409999847412109,2801800.0,SGML
2025-08-20,6.210000038146973,6.21999979019165,5.815000057220459,5.940000057220459,2965900.0,SGML
2025-08-21,5.900000095367432,6.045000076293945,5.795000076293945,5.949999809265137,1831600.0,SGML
2025-08-22,5.900000095367432,6.239999771118164,5.800000190734863,6.119999885559082,2342000.0,SGML
2025-08-25,6.150000095367432,6.539999961853027,6.021999835968018,6.150000095367432,1955100.0,SGML
2025-08-26,6.425000190734863,6.480000019073486,5.920000076293945,6.019999980926514,1778100.0,SGML
2025-08-27,5.980000019073486,6.936999797821045,5.965000152587891,6.710000038146973,4203700.0,SGML
2025-08-28,6.650000095367432,6.699999809265137,6.400000095367432,6.489999771118164,1748600.0,SGML
2025-08-29,6.619999885559082,6.71999979019165,6.480000019073486,6.710000038146973,1585000.0,SGML
2025-09-02,6.579999923706055,6.579999923706055,6.03000020980835,6.03000020980835,2046200.0,SGML
2025-09-03,6.079999923706055,6.2170000076293945,5.900000095367432,6.03000020980835,2188900.0,SGML
2025-09-04,6.0,6.070000171661377,5.835000038146973,6.039999961853027,2020700.0,SGML
2025-09-05,6.295000076293945,6.625,6.269999980926514,6.429999828338623,3174800.0,SGML
2025-09-08,6.550000190734863,6.570000171661377,6.139999866485596,6.239999771118164,1451900.0,SGML
2025-09-09,5.849999904632568,5.949999809265137,5.75,5.809999942779541,2759300.0,SGML
2025-09-10,5.789999961853027,5.869999885559082,5.46999979019165,5.480000019073486,2539500.0,SGML
2025-09-11,5.434999942779541,5.539999961853027,5.349999904632568,5.429999828338623,2293300.0,SGML
2025-09-12,5.460000038146973,5.480000019073486,5.369999885559082,5.409999847412109,1389500.0,SGML
2025-09-15,5.699999809265137,5.909999847412109,5.6020002365112305,5.809999942779541,2554000.0,SGML
2025-09-16,5.949999809265137,5.989999771118164,5.806000232696533,5.900000095367432,1848600.0,SGML
2025-09-17,5.829999923706055,6.150000095367432,5.764999866485596,5.809999942779541,1597400.0,SGML
2025-09-18,5.885000228881836,6.014999866485596,5.764999866485596,5.940000057220459,1427100.0,SGML
2025-09-19,6.159999847412109,6.5,6.039999961853027,6.059999942779541,3390500.0,SGML
2025-09-22,6.010000228881836,6.324999809265137,5.920000076293945,6.269999980926514,1813600.0,SGML
2025-09-23,6.349999904632568,6.349999904632568,6.059999942779541,6.099999904632568,1744100.0,SGML
2025-09-24,6.400000095367432,6.820000171661377,6.380000114440918,6.550000190734863,3925000.0,SGML
2025-09-25,6.525000095367432,7.369999885559082,6.409999847412109,7.199999809265137,5955100.0,SGML
2025-09-26,7.159999847412109,7.289000034332275,6.789999961853027,7.03000020980835,3091200.0,SGML
2025-09-29,7.170000076293945,7.353000164031982,6.78000020980835,6.800000190734863,2559000.0,SGML
2025-09-30,6.699999809265137,6.7779998779296875,6.329999923706055,6.409999847412109,2405100.0,SGML
2025-10-01,6.53000020980835,7.010000228881836,6.53000020980835,6.829999923706055,2577600.0,SGML
2025-10-02,6.900000095367432,7.079999923706055,6.710000038146973,6.789999961853027,1715100.0,SGML
2025-10-03,6.880000114440918,7.688000202178955,6.71999979019165,7.489999771118164,5064500.0,SGML
2025-10-06,7.820000171661377,7.889999866485596,7.510000228881836,7.570000171661377,3151800.0,SGML
2025-10-07,7.994999885559082,7.994999885559082,7.204999923706055,7.559999942779541,3508200.0,SGML
2025-10-08,7.519999980926514,7.525000095367432,6.900000095367432,7.03000020980835,3228400.0,SGML
2025-10-09,7.260000228881836,7.989999771118164,7.199999809265137,7.429999828338623,5674000.0,SGML
2025-10-10,7.449999809265137,7.497000217437744,6.171000003814697,6.239999771118164,7568200.0,SGML
2025-10-13,6.630000114440918,7.079999923706055,6.239999771118164,6.929999828338623,8418300.0,SGML
2025-10-14,6.670000076293945,6.739999771118164,6.050000190734863,6.340000152587891,7402000.0,SGML
2025-10-15,6.639999866485596,7.119999885559082,6.309999942779541,6.639999866485596,7931300.0,SGML
2025-10-16,6.639999866485596,6.985000133514404,6.449999809265137,6.78000020980835,4166200.0,SGML
2025-10-17,6.440000057220459,6.699999809265137,6.175000190734863,6.210000038146973,4952100.0,SGML
2025-10-20,6.409999847412109,7.25,6.380000114440918,6.840000152587891,5887200.0,SGML
2025-10-21,6.699999809265137,6.699999809265137,6.264999866485596,6.320000171661377,3272200.0,SGML
2025-10-22,6.119999885559082,6.239999771118164,5.75,5.869999885559082,4352300.0,SGML
2025-10-23,6.010000228881836,6.360000133514404,6.010000228881836,6.110000133514404,3808100.0,SGML
2025-10-24,6.010000228881836,6.460000038146973,5.954999923706055,6.019999980926514,5967800.0,SGML
2025-10-27,6.059999942779541,6.179999828338623,5.570000171661377,5.619999885559082,6388700.0,SGML
2025-10-28,5.630000114440918,5.760000228881836,5.414000034332275,5.570000171661377,3535300.0,SGML
2025-10-29,5.570000171661377,5.789999961853027,5.550000190734863,5.739999771118164,3945400.0,SGML
2025-10-30,5.679999828338623,6.400000095367432,5.550000190734863,6.320000171661377,5917700.0,SGML
2025-10-31,6.340000152587891,6.545000076293945,6.059999942779541,6.489999771118164,4367300.0,SGML
2025-11-03,6.675000190734863,6.949999809265137,4.614999771118164,5.355000019073486,14435400.0,SGML
2025-11-04,4.960000038146973,5.190000057220459,4.670000076293945,4.679999828338623,5065700.0,SGML
2025-11-05,4.75,5.230000019073486,4.730000019073486,5.159999847412109,4009000.0,SGML
2025-11-06,5.159999847412109,5.170000076293945,4.829999923706055,5.070000171661377,2668600.0,SGML
2025-11-07,4.889999866485596,5.557000160217285,4.809999942779541,5.320000171661377,4670600.0,SGML
2025-11-10,5.559999942779541,6.09499979019165,5.400000095367432,6.019999980926514,5158500.0,SGML
2025-11-11,5.909999847412109,6.054999828338623,5.775000095367432,5.860000133514404,2694100.0,SGML
2025-11-12,5.900000095367432,6.014999866485596,5.715000152587891,5.840000152587891,3508400.0,SGML
2025-11-13,6.050000190734863,6.420000076293945,5.679999828338623,5.900000095367432,4177300.0,SGML
2025-11-14,5.6620001792907715,6.550000190734863,5.289999961853027,6.059999942779541,8298700.0,SGML
2025-11-17,8.210000038146973,8.520000457763672,6.860000133514404,8.020000457763672,44749600.0,SGML
2025-11-18,7.554999828338623,8.489999771118164,7.5,7.769999980926514,8231000.0,SGML
2025-11-19,8.899999618530273,10.920000076293945,8.869999885559082,10.359999656677246,39690200.0,SGML
2025-11-20,10.84000015258789,11.71500015258789,9.319999694824219,9.395000457763672,13840400.0,SGML
2025-11-21,9.130000114440918,9.944999694824219,8.829999923706055,9.850000381469727,13079500.0,SGML
2025-11-24,9.539999961853027,10.289999961853027,9.09000015258789,9.989999771118164,6546200.0,SGML
2025-11-25,10.600000381469727,11.539999961853027,9.755000114440918,9.84000015258789,8017800.0,SGML
2025-11-26,9.890000343322754,10.850000381469727,9.46500015258789,10.609999656677246,5196300.0,SGML
2025-11-28,10.6899995803833,11.5649995803833,10.300000190734863,11.3100004196167,4069500.0,SGML
2025-12-01,11.329999923706055,11.645000457763672,10.890000343322754,11.529999732971191,5061500.0,SGML
2025-12-02,11.350000381469727,11.449999809265137,9.914999961853027,10.529999732971191,4764800.0,SGML
2025-12-03,10.170000076293945,10.25,9.614999771118164,10.029999732971191,3732800.0,SGML
2025-12-04,9.859999656677246,10.34000015258789,9.470000267028809,9.979999542236328,2995400.0,SGML
2025-12-05,10.270000457763672,10.390000343322754,9.369999885559082,9.430000305175781,3276600.0,SGML
2025-12-08,9.739999771118164,11.059000015258789,9.720000267028809,10.569999694824219,6079700.0,SGML
2025-12-09,10.135000228881836,12.300000190734863,9.989999771118164,11.970000267028809,6539200.0,SGML
2025-12-10,12.010000228881836,12.359999656677246,11.529999732971191,11.5600004196167,3708400.0,SGML
2025-12-11,11.5,11.765000343322754,10.65999984741211,11.699999809265137,3556900.0,SGML
2025-12-12,11.670000076293945,11.930000305175781,10.609999656677246,10.930000305175781,2827900.0,SGML
2025-12-15,11.154999732971191,11.279999732971191,9.930000305175781,10.329999923706055,3538000.0,SGML
2025-12-16,10.170000076293945,10.329999923706055,9.720000267028809,10.229999542236328,2991600.0,SGML
2025-12-17,11.135000228881836,12.15999984741211,10.609999656677246,10.680000305175781,5937600.0,SGML
2025-12-18,10.609999656677246,11.729999542236328,10.40999984741211,11.609999656677246,3252200.0,SGML
2025-12-19,11.979999542236328,13.180000305175781,11.800000190734863,12.1899995803833,8864200.0,SGML
2025-12-22,12.770000457763672,14.25,12.699999809265137,13.5,5337400.0,SGML
2025-12-23,13.9350004196167,14.470000267028809,13.100000381469727,13.489999771118164,4399000.0,SGML
2025-12-24,13.470000267028809,13.899999618530273,12.880000114440918,13.510000228881836,1720600.0,SGML
2025-12-26,14.470000267028809,14.630000114440918,13.829999923706055,14.5,4254900.0,SGML
2025-12-29,13.390000343322754,13.699999809265137,12.739999771118164,13.225000381469727,3125800.0,SGML
2025-12-30,13.710000038146973,14.1899995803833,13.319999694824219,13.489999771118164,4698500.0,SGML
2025-12-31,13.279999732971191,13.770000457763672,13.01099967956543,13.1899995803833,1357900.0,SGML
2026-01-02,13.5600004196167,14.25,13.300000190734863,14.210000038146973,2157600.0,SGML
2026-01-05,14.345000267028809,15.529999732971191,13.600000381469727,15.199999809265137,4588800.0,SGML
2026-01-06,15.680000305175781,16.600000381469727,15.630000114440918,16.229999542236328,3788700.0,SGML
2026-01-07,15.949999809265137,16.5,15.3149995803833,15.65999984741211,4624700.0,SGML
2026-01-08,14.720000267028809,14.979999542236328,13.079999923706055,13.300000190734863,6370600.0,SGML
2026-01-09,13.75,14.359999656677246,12.829999923706055,13.510000228881836,5560200.0,SGML
2026-01-12,14.40999984741211,15.949999809265137,14.039999961853027,15.65999984741211,5529300.0,SGML
2026-01-13,16.200000762939453,16.260000228881836,15.079999923706055,15.550000190734863,8668900.0,SGML
2026-01-14,14.949999809265137,16.8700008392334,14.550000190734863,16.59000015258789,3837800.0,SGML
2026-01-15,16.149999618530273,16.489999771118164,13.87600040435791,14.25,7101500.0,SGML
2026-01-16,12.8100004196167,13.25,11.3100004196167,12.270000457763672,13060200.0,SGML
2026-01-20,12.1899995803833,13.800000190734863,12.010000228881836,13.470000267028809,6091400.0,SGML
2026-01-21,13.779999732971191,13.800000190734863,12.270000457763672,12.550000190734863,5456200.0,SGML
2026-01-22,12.454999923706055,13.020000457763672,11.885000228881836,12.539999961853027,4354200.0,SGML
2026-01-23,14.449999809265137,15.140000343322754,14.109999656677246,14.739999771118164,7583900.0,SGML
2026-01-26,14.65999984741211,14.779999732971191,13.199999809265137,13.3100004196167,3712400.0,SGML
2026-01-27,13.40999984741211,13.800000190734863,12.819999694824219,13.569999694824219,2126100.0,SGML
2026-01-28,13.619999885559082,13.779999732971191,12.319999694824219,13.0600004196167,3736300.0,SGML
2026-01-29,13.029999732971191,13.029999732971191,11.654999732971191,12.710000038146973,3776100.0,SGML
2026-01-30,11.829999923706055,12.600000381469727,10.649999618530273,10.779999732971191,4178700.0,SGML
2026-02-02,11.470000267028809,11.640000343322754,10.710000038146973,10.795000076293945,3539400.0,SGML
2026-02-03,11.5,12.529999732971191,11.210000038146973,12.020000457763672,7630100.0,SGML
2026-02-04,11.949999809265137,13.140000343322754,11.899999618530273,12.300000190734863,4768400.0,SGML
2026-02-05,11.149999618530273,11.890000343322754,10.920000076293945,11.460000038146973,3189200.0,SGML
2026-02-06,12.0,12.4399995803833,11.800000190734863,12.220000267028809,2150000.0,SGML
2026-02-09,12.140000343322754,12.470000267028809,11.699999809265137,12.029999732971191,2005300.0,SGML
2026-02-10,11.949999809265137,11.949999809265137,11.550000190734863,11.59000015258789,1790900.0,SGML
2026-02-11,12.609999656677246,13.75,12.345000267028809,13.625,3704500.0,SGML
2026-02-12,13.229999542236328,13.720000267028809,12.729999542236328,13.1899995803833,2350600.0,SGML
2026-02-13,13.40999984741211,13.600000381469727,12.680000305175781,13.350000381469727,2392700.0,SGML
2026-02-17,13.0600004196167,13.180000305175781,12.25,12.829999923706055,1573900.0,SGML
2026-02-18,13.1899995803833,13.519000053405762,12.399999618530273,13.449999809265137,1536500.0,SGML
2026-02-19,13.149999618530273,13.979999542236328,12.949999809265137,13.609999656677246,2171800.0,SGML
2026-02-20,13.369999885559082,13.369999885559082,12.430000305175781,12.470000267028809,1954000.0,SGML
2026-02-23,12.600000381469727,13.010000228881836,12.10099983215332,12.449999809265137,4033400.0,SGML
2026-02-24,12.600000381469727,12.949999809265137,12.260000228881836,12.600000381469727,4262200.0,SGML
2026-02-25,14.90999984741211,16.8799991607666,14.399999618530273,16.3700008392334,18055800.0,SGML
2026-02-26,15.029999732971191,16.270000457763672,13.899999618530273,16.219999313354492,7952200.0,SGML
2026-02-27,15.630000114440918,15.800000190734863,14.135000228881836,14.40999984741211,3682000.0,SGML
2026-03-02,13.59000015258789,14.390000343322754,13.519000053405762,14.020000457763672,2844700.0,SGML
2026-03-03,12.760000228881836,12.899999618530273,11.710000038146973,12.609999656677246,3504900.0,SGML
2026-03-04,13.005000114440918,13.149999618530273,12.319999694824219,12.960000038146973,1755200.0,SGML
2026-03-05,12.520000457763672,12.630000114440918,11.8100004196167,12.350000381469727,2547500.0,SGML
2026-03-06,11.899999618530273,12.649999618530273,11.890000343322754,12.34000015258789,1966100.0,SGML
2026-03-09,11.930000305175781,12.375,11.550000190734863,12.3100004196167,3064800.0,SGML
2026-03-10,12.390000343322754,13.369999885559082,12.28499984741211,12.949999809265137,2910500.0,SGML
2026-03-11,12.664999961853027,13.079999923706055,12.579999923706055,12.960000038146973,1344300.0,SGML
2026-03-12,12.600000381469727,12.680000305175781,11.835000038146973,11.9399995803833,1485800.0,SGML
2026-03-13,11.920000076293945,12.140000343322754,10.779999732971191,11.069999694824219,2969300.0,SGML
2026-03-16,11.199999809265137,11.5,10.751999855041504,11.34000015258789,1727600.0,SGML
2026-03-17,11.109999656677246,11.800000190734863,11.010000228881836,11.609999656677246,1284000.0,SGML
2026-03-18,11.380000114440918,11.40999984741211,10.480999946594238,10.520000457763672,1759600.0,SGML
2026-03-19,9.859999656677246,9.989999771118164,9.220000267028809,9.890000343322754,3078900.0,SGML
2026-03-20,9.84000015258789,9.960000038146973,8.925000190734863,9.045000076293945,2970200.0,SGML
2026-03-23,9.510000228881836,10.489999771118164,9.460000038146973,10.350000381469727,3478200.0,SGML
2026-03-24,10.170000076293945,10.899999618530273,10.130000114440918,10.680000305175781,2698200.0,SGML
2026-03-25,11.050000190734863,11.300000190734863,10.369999885559082,10.479999542236328,2532600.0,SGML
2026-03-26,10.15999984741211,10.5,9.619999885559082,9.699999809265137,1902900.0,SGML
2026-03-27,10.229999542236328,11.100000381469727,10.229999542236328,10.460000038146973,5109500.0,SGML
2026-03-30,12.960000038146973,14.779999732971191,11.510000228881836,11.920000076293945,20375000.0,SGML
2026-03-31,11.5600004196167,13.739999771118164,11.380000114440918,12.34000015258789,9825800.0,SGML
2026-04-01,12.630000114440918,13.210000038146973,11.630000114440918,11.829999923706055,4187600.0,SGML
2026-04-02,12.369999885559082,14.489999771118164,12.130000114440918,14.369999885559082,8226000.0,SGML
2026-04-06,14.369999885559082,14.78499984741211,13.402000427246094,14.510000228881836,3500300.0,SGML
2026-04-07,14.390000343322754,15.220000267028809,14.210000038146973,14.630000114440918,2761800.0,SGML
2026-04-08,15.029999732971191,15.138999938964844,14.0,14.470000267028809,2618000.0,SGML
2026-04-09,14.489999771118164,14.779999732971191,13.579999923706055,13.729999542236328,2311400.0,SGML
2026-04-10,14.149999618530273,15.09000015258789,14.149999618530273,14.850000381469727,1981300.0,SGML
2026-04-13,15.380000114440918,17.579999923706055,15.300000190734863,17.389999389648438,6478700.0,SGML
2026-04-14,17.579999923706055,18.3700008392334,17.299999237060547,17.56999969482422,3734900.0,SGML
2026-04-15,17.229999542236328,18.309999465942383,17.020000457763672,18.219999313354492,2765700.0,SGML
2026-04-16,19.520000457763672,21.350000381469727,19.219999313354492,20.700000762939453,9005300.0,SGML
2026-04-17,19.790000915527344,20.149999618530273,18.989999771118164,19.719999313354492,4752900.0,SGML
2026-04-20,20.040000915527344,21.81999969482422,19.690000534057617,21.690000534057617,5659000.0,SGML
2026-04-21,21.375,22.319000244140625,20.899999618530273,21.290000915527344,3368800.0,SGML
2026-04-22,21.75,22.0,20.6299991607666,21.520000457763672,2637800.0,SGML
2026-04-23,20.65999984741211,21.25,19.479999542236328,20.15999984741211,3606300.0,SGML
2026-04-24,21.049999237060547,21.149999618530273,19.219999313354492,19.690000534057617,2767700.0,SGML
2026-04-27,19.940000534057617,20.75,18.959999084472656,20.709999084472656,2188200.0,SGML
2026-04-28,20.010000228881836,21.329999923706055,19.329999923706055,20.610000610351562,2188800.0,SGML
2026-04-29,21.475000381469727,22.739999771118164,20.549999237060547,21.780000686645508,4209000.0,SGML
2026-04-30,22.18000030517578,22.760000228881836,21.52199935913086,22.06999969482422,2026200.0,SGML
2026-05-01,21.934999465942383,21.979999542236328,20.799999237060547,21.969999313354492,1800300.0,SGML
2026-05-04,21.969999313354492,23.010000228881836,20.860000610351562,22.56999969482422,2316600.0,SGML
2026-05-05,22.979999542236328,23.464000701904297,22.110000610351562,22.530000686645508,2384500.0,SGML
2026-05-06,22.475000381469727,22.969999313354492,20.110000610351562,22.850000381469727,4552000.0,SGML
2026-05-07,23.575000762939453,24.479999542236328,23.299999237060547,23.649999618530273,2844300.0,SGML
2026-05-08,23.329999923706055,23.450000762939453,21.290000915527344,21.709999084472656,4521500.0,SGML
2026-05-11,21.889999389648438,21.899999618530273,20.149999618530273,20.299999237060547,4907500.0,SGML
2026-05-12,19.780000686645508,21.110000610351562,19.3799991607666,20.8799991607666,3232700.0,SGML
2026-05-13,20.719999313354492,20.799999237060547,18.75,18.829999923706055,3945000.0,SGML
2026-05-14,18.15999984741211,18.34000015258789,17.010000228881836,17.864999771118164,3315400.0,SGML
2026-05-15,17.139999389648438,18.100000381469727,16.6200008392334,16.81999969482422,9250200.0,SGML
2026-05-18,16.079999923706055,16.31999969482422,14.319999694824219,14.760000228881836,5405400.0,SGML
2026-05-19,14.569999694824219,15.100000381469727,13.319999694824219,14.949999809265137,5203800.0,SGML
2026-05-20,15.449999809265137,15.5,14.609999656677246,15.34000015258789,3273800.0,SGML
2026-05-21,15.430000305175781,15.979999542236328,15.010000228881836,15.550000190734863,2694600.0,SGML
2026-05-22,15.300000190734863,15.569999694824219,14.725000381469727,14.880000114440918,8744900.0,SGML
2026-05-26,15.239999771118164,15.670000076293945,14.75,15.300000190734863,2493500.0,SGML
2026-05-27,14.84000015258789,15.331999778747559,14.279999732971191,15.09000015258789,2659400.0,SGML
2026-05-28,14.979999542236328,16.079999923706055,14.947999954223633,15.859999656677246,2427200.0,SGML
2026-05-29,16.110000610351562,17.56999969482422,15.699999809265137,16.770000457763672,3852900.0,SGML
2026-06-01,16.65999984741211,16.700000762939453,15.819999694824219,16.360000610351562,2566400.0,SGML
2026-06-02,16.450000762939453,16.93000030517578,16.0,16.479999542236328,1693100.0,SGML
2026-06-03,16.0,16.020000457763672,15.039999961853027,15.15999984741211,2188400.0,SGML
2026-06-04,14.9350004196167,15.0600004196167,14.619999885559082,14.729999542236328,1721300.0,SGML
2026-06-05,14.430000305175781,14.430000305175781,13.260000228881836,13.279999732971191,2556600.0,SGML
2026-06-08,13.579999923706055,13.630000114440918,13.095000267028809,13.25,2059200.0,SGML
2026-06-09,14.414999961853027,14.5,13.510000228881836,14.149999618530273,3666600.0,SGML
2026-06-10,13.774999618530273,13.949999809265137,12.899999618530273,12.989999771118164,2897300.0,SGML
2026-06-11,13.449999809265137,14.869999885559082,13.25,14.729999542236328,2857200.0,SGML
2026-06-12,14.920000076293945,16.184999465942383,14.904999732971191,15.979999542236328,2214900.0,SGML
2026-06-15,16.010000228881836,16.440000534057617,15.335000038146973,15.399999618530273,2395300.0,SGML
2026-06-16,15.109999656677246,15.437999725341797,14.600000381469727,14.800000190734863,2207000.0,SGML
2026-06-17,14.960000038146973,15.640000343322754,14.526000022888184,14.800000190734863,1241200.0,SGML
2024-12-18,133.6603731199009,136.49613412730267,128.08869283192976,128.71775817871094,277444500.0,NVDA
2024-12-19,131.56349862817564,133.8301176053825,129.3568029702355,130.485107421875,209719200.0,NVDA
2024-12-20,129.61642290138565,135.07826717246132,128.0287975903948,134.49913024902344,306528600.0,NVDA
2024-12-23,136.0767567466981,139.58151660116854,134.91848306333998,139.46170043945312,176053500.0,NVDA
2024-12-24,139.79122163679293,141.6883821217358,138.44322876231024,140.01089477539062,105157000.0,NVDA
2024-12-26,139.49166074428362,140.63995487774488,137.52459740894255,139.7213134765625,116205600.0,NVDA
2024-12-27,138.34337590905767,138.81267619141968,134.50910636621433,136.8056640625,170582600.0,NVDA
2024-12-30,134.628921256616,140.06081067569033,133.82013169900247,137.2849578857422,167734700.0,NVDA
2024-12-31,137.82414956509464,137.86409844380188,133.63041622678574,134.0897216796875,155659200.0,NVDA
2025-01-02,135.7971917031726,138.67290181477085,134.4292395740467,138.10374450683594,198247200.0,NVDA
2025-01-03,139.8011917981673,144.6838985290199,139.52161059265686,144.25454711914062,229322500.0,NVDA
2025-01-06,148.3684248105369,151.93310868099036,147.5995839740372,149.20716857910156,265377400.0,NVDA
2025-01-07,152.80180879971968,152.90166577959354,139.8012192468087,139.9310302734375,351782200.0,NVDA
2025-01-08,142.36737985085435,143.73533196712347,137.3548616440079,139.90106201171875,227349900.0,NVDA
2025-01-10,137.24501786219508,139.71133557177419,134.0198390250661,135.7073211669922,207602500.0,NVDA
2025-01-13,129.79613768131526,133.29091776199226,129.31684258602223,133.0312957763672,204808900.0,NVDA
2025-01-14,135.84710238324766,136.1766120600162,129.85605059334506,131.56349182128906,195590500.0,NVDA
2025-01-15,133.45067056072713,136.24649773538883,131.09418961528783,136.0368194580078,185217300.0,NVDA
2025-01-16,138.43325045720013,138.5430870275282,133.2909365646461,133.37081909179688,209235600.0,NVDA
2025-01-17,136.4861555399997,138.29345383465838,135.25799411499426,137.504638671875,201188800.0,NVDA
2025-01-21,138.95245710585658,141.61847317570314,136.88553704004724,140.61996459960938,197749000.0,NVDA
2025-01-22,144.44426793757484,147.56958971587568,143.45573886876412,146.85067749023438,237651400.0,NVDA
2025-01-23,144.8337106624021,147.01045262591376,143.5056920734559,147.00047302246094,155915500.0,NVDA
2025-01-24,148.14875950594703,148.74787093586673,141.6684465446306,142.40733337402344,234657600.0,NVDA
2025-01-27,124.61389107098998,128.20851331467108,116.52596435964819,118.24340057373047,818830900.0,NVDA
2025-01-28,121.62835222502514,128.80763280108368,116.07664583818587,128.7976531982422,579666400.0,NVDA
2025-01-29,126.31135328562937,126.70077107762197,119.8709750783515,123.5155258178711,467120600.0,NVDA
2025-01-30,122.91641225704781,124.81358019968631,117.92386904906036,124.46410369873047,392925500.0,NVDA
2025-01-31,123.59541198682592,127.65934229890306,119.01226047612725,119.89094543457031,388161100.0,NVDA
2025-02-03,114.57888277703151,118.39318602096668,112.84147962875147,116.48603820800781,371235700.0,NVDA
2025-02-04,116.78557092036435,121.01924546805154,116.52595653802958,118.47305297851562,256550000.0,NVDA
2025-02-05,121.57842315704723,124.8135892575584,120.57991444298676,124.64384460449219,262230800.0,NVDA
2025-02-06,127.22996749994309,128.57796024161053,125.02326434711814,128.4880828857422,251483600.0,NVDA
2025-02-07,129.0273069895586,130.17558600299384,124.81359867926386,129.64637756347656,228186300.0,NVDA
2025-02-10,129.89599772289156,134.79867927002743,129.76620194780145,133.37081909179688,216989100.0,NVDA
2025-02-11,132.38228609427233,134.27944654160947,130.82461495038982,132.60195922851562,178902400.0,NVDA
2025-02-12,129.8261026458349,132.04279313100764,128.88750205027108,130.94442749023438,160278600.0,NVDA
2025-02-13,131.36380821970238,136.29644386397356,130.9743904181038,135.08824157714844,197430000.0,NVDA
2025-02-14,136.27645326854343,139.04232643389201,135.29791907929888,138.64292907714844,195479600.0,NVDA
2025-02-18,141.0593143400208,143.2260761760307,137.7242840330443,139.1920928955078,219176600.0,NVDA
2025-02-19,139.3019353271886,141.14918241151278,137.01535723812603,139.02235412597656,167536000.0,NVDA
2025-02-20,139.8211794831435,140.45024487315197,136.5860056380014,139.90106201171875,143903600.0,NVDA
2025-02-21,139.83117324566518,141.2490692264154,133.83014051658057,134.2295379638672,228217600.0,NVDA
2025-02-24,136.35635785611953,138.38332947991822,129.88602516626045,130.08572387695312,251381100.0,NVDA
2025-02-25,129.78615711570163,130.00583024952502,124.25442559786755,126.44115447998047,271428700.0,NVDA
2025-02-26,129.79615892181477,133.53057192522448,128.29839578499454,131.084228515625,322553800.0,NVDA
2025-02-27,134.7986782828192,134.80865788512716,119.83103458283094,119.9708251953125,443175800.0,NVDA
2025-02-28,117.8439849269481,124.90344062232614,116.22640582508673,124.73369598388672,389091100.0,NVDA
2025-03-03,123.32581202011416,123.51552349340123,112.11255593535711,113.88990020751953,411381400.0,NVDA
2025-03-04,110.4849986041218,119.132080722439,109.94580294596078,115.81703186035156,398163300.0,NVDA
2025-03-05,117.40465751759531,118.10361057672029,114.3392360416895,117.12507629394531,284337900.0,NVDA
2025-03-06,113.36069823382532,115.17798387118098,110.05563667803439,110.40511322021484,321181900.0,NVDA
2025-03-07,111.08409477767312,113.31077256873955,107.39959517379882,112.5219497680664,341755500.0,NVDA
2025-03-10,109.73610085349598,111.6831896506324,105.30272006245755,106.8204574584961,366487400.0,NVDA
2025-03-11,106.83044416478043,112.0726148635708,104.6137536218378,108.59780883789062,354865700.0,NVDA
2025-03-12,113.9602977987337,116.5966026479449,112.72202762810602,115.5780258178711,323857500.0,NVDA
2025-03-13,116.86621875800482,117.59520049683546,113.63075517539951,115.41825103759766,299033100.0,NVDA
2025-03-14,118.44401014075397,121.70943054003341,117.98465480860956,121.49972534179688,277593500.0,NVDA
2025-03-17,122.56822336901756,122.71801496792263,117.86481592318836,119.36271667480469,255501500.0,NVDA
2025-03-18,117.83486627342975,118.85343549406599,114.37970924440411,115.26846313476562,299686900.0,NVDA
2025-03-19,117.10587965509883,120.2814296141779,115.51810848491796,117.35552978515625,273426200.0,NVDA
2025-03-20,116.3868956857552,120.03178155242583,116.30700581426807,118.36412048339844,248829700.0,NVDA
2025-03-21,116.77634740953133,117.82487338576216,115.25847035053427,117.5352783203125,266498500.0,NVDA
2025-03-24,119.71223179694545,122.04896105750126,119.17298658297102,121.24009704589844,228452500.0,NVDA
2025-03-25,120.38129181712452,121.12025404464302,118.75356814650013,120.5210952758789,167447200.0,NVDA
2025-03-26,118.5638454632065,118.6736845133834,112.55226594608844,113.60079956054688,293463300.0,NVDA
2025-03-27,111.19417323533278,114.28983351449122,110.50514401476981,111.27406311035156,236902100.0,NVDA
2025-03-28,111.33397804410711,112.71205173921601,108.91736643615505,109.51652526855469,229872500.0,NVDA
2025-03-31,104.98287310192077,110.80471613819729,103.50494855407659,108.22832489013672,299212700.0,NVDA
2025-04-01,108.36813339033893,110.04578269736857,106.32100673854832,109.99585723876953,222614000.0,NVDA
2025-04-02,107.1398479774266,111.82328673498283,106.64054773013802,110.26546478271484,220601200.0,NVDA
2025-04-03,103.36515315702636,105.48218161280622,101.45782230020173,101.65754699707031,338769400.0,NVDA
2025-04-04,98.7715853475697,99.98987163475934,91.98109847139008,94.17801666259766,532273800.0,NVDA
2025-04-07,87.33759621246332,101.60759784636036,86.4987754744505,97.50334930419922,611041300.0,NVDA
2025-04-08,103.66472218207363,105.70186824827938,94.3278084260022,96.16523742675781,476243400.0,NVDA
2025-04-09,98.75161045127601,114.9389248904037,97.39351305704149,114.17000579833984,612918300.0,NVDA
2025-04-10,109.21694044618194,110.70485307181585,99.01124202201945,107.4194564819336,437812400.0,NVDA
2025-04-11,108.34816524857224,111.39390013023589,107.32959598741144,110.77476501464844,313417300.0,NVDA
2025-04-14,113.95031245540225,114.13006086401796,108.91736463288024,110.55506896972656,264705000.0,NVDA
2025-04-15,110.81470199440513,113.46099492172469,110.3453585264742,112.04297637939453,228966900.0,NVDA
2025-04-16,104.40369410395131,106.64055727885454,100.30942561460589,104.3437728881836,397016900.0,NVDA
2025-04-17,104.30381795694564,104.3237942331935,99.90998190333623,101.34796142578125,292517500.0,NVDA
2025-04-21,98.63177356997639,99.3008417327631,94.90699776234818,96.77438354492188,288501100.0,NVDA
2025-04-22,98.6417555090913,99.67031279819463,97.14385476914264,98.75160217285156,241004800.0,NVDA
2025-04-23,104.37372584399631,104.6533403969428,101.87722447592722,102.5662612915039,247526000.0,NVDA
2025-04-24,103.33518320501399,106.39089830035945,102.96569827687256,106.28105163574219,220815000.0,NVDA
2025-04-25,106.70047033928225,111.76337496991529,105.58204256681438,110.85465240478516,251064700.0,NVDA
2025-04-28,109.53649833991803,110.21554702841466,105.8716284785824,108.57784271240234,207708500.0,NVDA
2025-04-29,107.5193148494054,110.04577291521682,107.2896409990865,108.86742401123047,170444300.0,NVDA
2025-04-30,104.32379376082015,108.76756286621094,103.93434018163836,108.76756286621094,235044600.0,NVDA
2025-05-01,112.92174799120272,114.7791455573913,111.14424029465428,111.45380401611328,236121500.0,NVDA
2025-05-02,114.02021557227994,115.23850951002053,113.21135153306962,114.33976745605469,190194800.0,NVDA
2025-05-05,112.75199066583207,114.5095221313392,112.50234053074915,113.66071319580078,133163200.0,NVDA
2025-05-06,111.32399638135878,114.57942879752297,110.66491633937942,113.38111114501953,158525600.0,NVDA
2025-05-07,112.89179643623137,117.51531428959993,112.12286973799952,116.89617919921875,206758800.0,NVDA
2025-05-08,118.08452294119296,118.51392151118237,115.68787993703612,117.20575714111328,198428100.0,NVDA
2025-05-09,117.1857803819228,118.06455379711826,115.0487756801452,116.48676300048828,132972200.0,NVDA
2025-05-12,121.79930827024249,122.82786560058594,120.11167093091153,122.82786560058594,225023300.0,NVDA
2025-05-13,124.80509195257008,131.0363568449821,124.29580357204036,129.74815368652344,330430100.0,NVDA
2025-05-14,133.01359953083553,135.2504704050171,131.4957223220182,135.15060424804688,281180800.0,NVDA
2025-05-15,134.10204362723803,136.10924022234616,132.47433530494334,134.64129638671875,226632600.0,NVDA
2025-05-16,136.02937003025397,136.15919297953724,133.27323795943153,135.21051025390625,226542500.0,NVDA
2025-05-19,132.20473687113784,135.6798627990254,132.20473687113784,135.3802947998047,193154600.0,NVDA
2025-05-20,134.10205468200522,134.39165736048994,132.4343936724944,134.1919403076172,161514200.0,NVDA
2025-05-21,132.87378601013486,137.2077087161811,130.40724144628157,131.6155548095703,270608700.0,NVDA
2025-05-22,132.04495280891254,134.0621302833829,131.36591171623223,132.6441192626953,187344000.0,NVDA
2025-05-23,129.8180590665907,132.49430097030302,128.97923834191374,131.1062469482422,198821300.0,NVDA
2025-05-27,133.96226214597903,135.47015877862245,133.12344131304633,135.3103790283203,192953600.0,NVDA
2025-05-28,135.83961638539918,137.0579101389624,134.60134635659116,134.62132263183594,304021100.0,NVDA
2025-05-29,142.05090829751865,143.28917829117677,137.71698617586475,138.9951934814453,369241900.0,NVDA
2025-05-30,138.52585950975748,139.42459384487097,132.73397369059805,134.94088745117188,333170900.0,NVDA
2025-06-02,135.30038976970178,137.9266987725352,135.21050414256473,137.187744140625,197663100.0,NVDA
2025-06-03,138.58579662593073,141.80129192952475,137.7569562601038,141.0223846435547,225578800.0,NVDA
2025-06-04,141.99100090060617,142.19071794379053,139.3447005567539,141.72137451171875,167120800.0,NVDA
2025-06-05,141.97102431113476,143.79846496522654,138.63570246128648,139.79408264160156,231397900.0,NVDA
2025-06-06,142.31055518995854,143.0695013401578,141.31195466595716,141.52166748046875,153986200.0,NVDA
2025-06-09,142.98963386491081,144.7970986584505,141.74138301440692,142.430419921875,185114500.0,NVDA
2025-06-10,142.49031793007975,144.088069701399,141.33193761060437,143.758544921875,155881900.0,NVDA
2025-06-11,144.4176611881815,144.79716064315863,141.6813000562032,142.64002990722656,167694000.0,NVDA
2025-06-12,141.78116046611606,144.80712890625,141.6613249598906,144.80712890625,162365000.0,NVDA
2025-06-13,142.2904745799642,143.38901749969733,140.6626531024409,141.78115844726562,180820600.0,NVDA
2025-06-16,143.159329390418,145.98555166191812,143.00951976951112,144.49754333496094,183133700.0,NVDA
2025-06-17,144.2978018718573,145.0268265438421,143.58873962374116,143.92828369140625,139108000.0,NVDA
2025-06-18,143.81845298832403,145.45627108510786,142.9296373487004,145.2864990234375,161494100.0,NVDA
2025-06-20,145.2565234707711,146.00552584195606,142.46024490398213,143.65866088867188,242956200.0,NVDA
2025-06-23,142.31044894200824,144.58741490600102,141.84107290887454,143.9782257080078,154308900.0,NVDA
2025-06-24,145.36637857516104,147.76319531946535,145.3064608232896,147.70326232910156,187566100.0,NVDA
2025-06-25,149.0714471780808,154.24454949233478,149.06145072732096,154.104736328125,269146500.0,NVDA
2025-06-26,155.77252682686714,156.51154803915952,153.79516469048193,154.81381225585938,198145700.0,NVDA
2025-06-27,155.83242906789442,158.49889084686143,155.05346784206984,157.5401611328125,263234500.0,NVDA
2025-06-30,158.1893045239527,158.4489684480595,155.7525627920192,157.7798614501953,194580300.0,NVDA
2025-07-01,156.08211312403307,156.9909063970138,151.2885097592641,153.09609985351562,213143600.0,NVDA
2025-07-02,152.77652287552658,157.3903883520798,152.76654166200262,157.0408477783203,171224100.0,NVDA
2025-07-03,158.1593559409033,160.7658851337161,157.56016311083363,159.12806701660156,143716100.0,NVDA
2025-07-07,157.98957042846925,159.09809459400483,157.1307137305003,158.02952575683594,140139000.0,NVDA
2025-07-08,159.11806346268276,160.00687898854957,158.17931139836438,159.78717041015625,138133000.0,NVDA
2025-07-09,161.0055648799297,164.20130555952733,160.94564712320184,162.66336059570312,183656400.0,NVDA
2025-07-10,164.10143771292147,164.28119097215313,161.3950357038234,163.88172912597656,167704100.0,NVDA
2025-07-11,163.50222183922534,167.6666731011634,163.2525543877531,164.70062255859375,193633300.0,NVDA
2025-07-14,165.1500194092157,165.26987014699793,161.80448473325933,163.8517608642578,136975800.0,NVDA
2025-07-15,170.96229989605533,172.17068192225182,168.97494134085255,170.4729461669922,230627400.0,NVDA
2025-07-16,170.83247408910898,171.52155877211666,168.67534340451815,171.14205932617188,158831500.0,NVDA
2025-07-17,171.7911900263939,173.92834287299638,170.60277047944578,172.76988220214844,160841100.0,NVDA
2025-07-18,173.40903901870553,174.01822826089457,171.03219980516573,172.18067932128906,146456400.0,NVDA
2025-07-21,172.52022673163836,173.1493936504508,170.77255439137573,171.1520538330078,123126100.0,NVDA
2025-07-22,171.1120956061046,171.1620321483939,164.3610926233022,166.80783081054688,193114300.0,NVDA
2025-07-23,169.30450383433347,171.03219846298632,167.74658125695927,170.55284118652344,154082200.0,NVDA
2025-07-24,172.21065238052367,173.5988030318276,171.07216922217725,173.50892639160156,128984600.0,NVDA
2025-07-25,173.37908037175941,174.4876045602178,172.72995103806022,173.26922607421875,122316800.0,NVDA
2025-07-28,173.78854323017163,176.7645753161742,173.73860668662087,176.51490783691406,140023500.0,NVDA
2025-07-29,177.7233037615148,179.14141320408203,174.78721179005433,175.27655029296875,154077500.0,NVDA
2025-07-30,176.27521653092245,179.65072563032518,175.80584046425426,179.03155517578125,174312200.0,NVDA
2025-07-31,182.6567315862202,183.0562087176856,175.69600066981488,177.6334228515625,221685400.0,NVDA
2025-08-01,173.85844036702034,176.3051785902702,170.66269971388826,173.4889373779297,204529000.0,NVDA
2025-08-04,174.9270158880054,179.96030526461158,174.28786778877773,179.7605743408203,148174600.0,NVDA
2025-08-05,179.38109521170273,180.02024338323596,175.66604170263633,178.0229034423828,156407600.0,NVDA
2025-08-06,176.09544939411415,179.66069269115442,176.01555398070957,179.18133544921875,137192300.0,NVDA
2025-08-07,181.32849521637667,183.63542017290519,178.56217541570945,180.52955627441406,151878400.0,NVDA
2025-08-08,181.30852119793246,183.05619350177665,180.16004168373897,182.4569854736328,123396700.0,NVDA
2025-08-11,181.80785936297346,183.59547178906817,180.01025048518693,181.81784057617188,138323200.0,NVDA
2025-08-12,182.7166509044063,184.234618174838,179.22130626788388,182.9163818359375,145485700.0,NVDA
2025-08-13,182.37709375214726,183.72530422356274,179.11145412417423,181.3484649658203,179871700.0,NVDA
2025-08-14,179.51090820642335,182.7765629312542,179.22130065055427,181.77789306640625,129554000.0,NVDA
2025-08-15,181.63809742364472,181.6580598511533,177.80319319129092,180.20999145507812,156602200.0,NVDA
2025-08-18,180.359785616326,182.69666946783065,180.3497891649352,181.7678985595703,132008000.0,NVDA
2025-08-19,182.1873495042791,182.25726371442747,175.25659293377495,175.40638732910156,185229200.0,NVDA
2025-08-20,174.93701244991922,175.76591033294957,168.57548977611862,175.1667022705078,215142700.0,NVDA
2025-08-21,174.61743669419707,176.6646977817985,173.57881147306438,174.74725341796875,140040900.0,NVDA
2025-08-22,172.38040151215634,178.35244288234992,170.97227338198675,177.7532501220703,172789400.0,NVDA
2025-08-25,178.11278178635797,181.6680441727565,176.33515059315872,179.57083129882812,163012800.0,NVDA
2025-08-26,179.82049655621498,182.14739921043056,178.57215920342722,181.52822875976562,168688200.0,NVDA
2025-08-27,181.7379436715125,182.24727507184866,178.86178472902657,181.35845947265625,235518900.0,NVDA
2025-08-28,180.57950348224864,184.22464261974775,176.17536544772958,179.93035888671875,281787800.0,NVDA
2025-08-29,177.87309917143955,177.91303926310266,172.91968968806756,173.9483184814453,243257900.0,NVDA
2025-09-02,169.77387989783634,172.15071909272382,166.99757884564528,170.55284118652344,231164900.0,NVDA
2025-09-03,170.83248363379096,172.18069419661035,168.65539040087648,170.39306640625,164424900.0,NVDA
2025-09-04,170.34312465674856,171.6314020660847,169.1846639665207,171.43167114257812,141670100.0,NVDA
2025-09-05,167.8065026792569,168.80517258283567,163.8517783946414,166.7978515625,224441400.0,NVDA
2025-09-08,167.32715219255022,170.73262035939155,167.12742125141602,168.0861358642578,163769100.0,NVDA
2025-09-09,168.86509051949957,170.75257602974241,166.51822538667548,170.53286743164062,157548400.0,NVDA
2025-09-10,176.40506201448144,179.05153132643002,175.23661998400823,177.09414672851562,226852000.0,NVDA
2025-09-11,179.4511179779685,180.050359799309,176.2551971559751,176.94432067871094,151159300.0,NVDA
2025-09-12,177.5435512454145,178.37249577533527,176.22522541777622,177.59349060058594,124911000.0,NVDA
2025-09-15,175.44622258887705,178.62217970015598,174.28769658655634,177.52357482910156,147061600.0,NVDA
2025-09-16,176.77453647764895,177.27389957504343,174.15787872389456,174.65724182128906,140737800.0,NVDA
2025-09-17,172.4201024269062,172.97938669910795,168.1954945771254,170.07308959960938,211843800.0,NVDA
2025-09-18,173.7583871307785,176.87442336525442,172.73969733735942,176.01551818847656,191763300.0,NVDA
2025-09-19,175.54609885389235,177.8531538116004,174.95683884616588,176.4449462890625,237182100.0,NVDA
2025-09-22,175.07671637070237,184.31493427279133,174.48747153493287,183.37612915039062,269637000.0,NVDA
2025-09-23,181.73821238324945,182.18763613663097,175.9855548133895,178.2027130126953,192559600.0,NVDA
2025-09-24,179.54100413716742,179.5509859124944,175.17656050171237,176.74456787109375,143564100.0,NVDA
2025-09-25,174.2577508730865,180.03038734713982,172.90947958662534,177.4636688232422,191586700.0,NVDA
2025-09-26,177.94304916264082,179.54101721374016,174.70717071687335,177.96302795410156,148573700.0,NVDA
2025-09-29,180.20017297627672,183.7656330630971,180.09032771672483,181.61837768554688,193063500.0,NVDA
2025-09-30,181.848063160254,187.11135435179565,181.2488213615314,186.3423309326172,236981000.0,NVDA
2025-10-01,185.00405809785752,187.9003581593927,183.665753326035,187.0015106201172,173844900.0,NVDA
2025-10-02,189.35850113919957,190.80665113886596,187.82045419605362,188.64939880371094,136805800.0,NVDA
2025-10-03,188.94900408551683,190.11751186051177,185.1438598655547,187.38099670410156,137596900.0,NVDA
2025-10-06,185.2637075602064,186.9914995955013,183.09647356463947,185.30364990234375,157678100.0,NVDA
2025-10-07,185.99277739696944,188.8191743935438,183.76562222076905,184.80429077148438,140088000.0,NVDA
2025-10-08,186.33235229407293,189.35849142592937,186.30237648821537,188.86911010742188,130168900.0,NVDA
2025-10-09,191.9851285494953,195.05122522476873,190.816620752273,192.32470703125,182997200.0,NVDA
2025-10-10,193.26350393527704,195.37081685366852,181.81811007166195,182.92669677734375,268774400.0,NVDA
2025-10-13,187.73056363822363,189.8678370807686,185.72312947730666,188.0801239013672,153482800.0,NVDA
2025-10-14,184.5346420566055,184.56460262310264,179.47109296765566,179.80067443847656,205641400.0,NVDA
2025-10-15,184.56460739230218,184.63451030281777,177.06416377208902,179.60093688964844,214450500.0,NVDA
2025-10-16,181.99787810828644,183.0465437061986,179.5410200965125,181.5784149169922,179723300.0,NVDA
2025-10-17,179.9504818191574,183.86550198639478,179.52103686227596,182.9866180419922,173135200.0,NVDA
2025-10-20,182.89674524617425,184.96410068415813,181.49851933568945,182.40736389160156,128544700.0,NVDA
2025-10-21,182.55715836486127,182.55715836486127,179.5709767314294,180.9292449951172,124240200.0,NVDA
2025-10-22,180.9092591258601,183.20633238125785,176.53483359319367,180.05035400390625,162249600.0,NVDA
2025-10-23,180.19017423035882,182.7968501503985,179.5609718650331,181.92796325683594,111363700.0,NVDA
2025-10-24,183.60580497197222,187.23118563906056,183.26624175096782,186.02272033691406,131296700.0,NVDA
2025-10-27,189.74798924630224,191.75542334831323,188.18996363054165,191.24607849121094,153452700.0,NVDA
2025-10-28,192.80410966447576,202.89123585796654,191.66556232510956,200.77394104003906,297986200.0,NVDA
2025-10-29,207.715080745974,211.9197249544373,204.51915980095313,206.77627563476562,308829600.0,NVDA
2025-10-30,204.88867704045037,205.89740027142088,201.1534507471854,202.63156127929688,178864400.0,NVDA
2025-10-31,206.18701808603035,207.70508615602077,201.81260775338424,202.23207092285156,179802200.0,NVDA
2025-11-03,207.81493866642379,211.07078042213968,205.29814450690722,206.61647033691406,180267300.0,NVDA
2025-11-04,202.7414122562426,203.71017785907821,197.67786326579136,198.43690490722656,188919300.0,NVDA
2025-11-05,198.51681234435117,202.66152000582164,194.40205001057666,194.9613494873047,171350300.0,NVDA
2025-11-06,196.16981228388872,197.3682807609907,186.14260723026618,187.84043884277344,223029800.0,NVDA
2025-11-07,184.66446402160466,188.08012095739036,178.68210397488247,187.9103240966797,264942300.0,NVDA
2025-11-10,194.8614791513322,199.68532876518447,193.5431531870904,198.7964630126953,198897100.0,NVDA
2025-11-11,194.91140808059743,195.17107140540628,191.05632435423007,192.91395568847656,176483300.0,NVDA
2025-11-12,195.47068348463264,195.64046510157328,190.8865341091802,193.55313110351562,154935300.0,NVDA
2025-11-13,190.8066439854392,191.1961465947379,183.61581837719615,186.62197875976562,207423100.0,NVDA
2025-11-14,182.62706393415107,190.76667594021126,180.34996953708986,189.92774963378906,186591900.0,NVDA
2025-11-17,185.73311754704963,188.75925679396335,184.08522536919267,186.36231994628906,173628900.0,NVDA
2025-11-18,183.14641371605563,184.5646030780414,179.42115405263684,181.1289825439453,213598900.0,NVDA
2025-11-19,184.5546024199349,187.62069907956393,182.5971076589588,186.28240966796875,247246400.0,NVDA
2025-11-20,195.70039225393623,195.7503316108911,179.62090987236718,180.40989685058594,343504800.0,NVDA
2025-11-21,181.00912433889104,184.32488707538113,172.70969762442783,178.65213012695312,346926200.0,NVDA
2025-11-24,179.26135956972516,183.26624588741998,176.25518414830518,182.3174591064453,256618300.0,NVDA
2025-11-25,174.68719385821646,177.93305383278917,169.33402110596253,177.59349060058594,320600300.0,NVDA
2025-11-26,181.39863013804072,182.67699835309762,178.01294919921247,180.03036499023438,183852000.0,NVDA
2025-11-28,178.7819702942556,179.0616124091028,176.27517303639212,176.7745361328125,121332800.0,NVDA
2025-12-01,174.53739527000454,180.07034727044882,173.45876908321011,179.69082641601562,188131000.0,NVDA
2025-12-02,181.52847225165078,185.4235136530611,179.7707195907086,181.22886657714844,182632200.0,NVDA
2025-12-03,180.8493441127912,182.21759414523953,178.88185225801445,179.36123657226562,165138000.0,NVDA
2025-12-04,181.39873533031871,184.29521152983364,179.7407692190929,183.15660095214844,167364900.0,NVDA
2025-12-05,183.66598269849337,184.43504894381925,180.6896172324408,182.1877899169922,143971100.0,NVDA
2025-12-08,182.41751577930148,187.7709870845105,182.17780264974235,185.323974609375,204378100.0,NVDA
2025-12-09,185.33395229946427,185.4937610485011,183.09669077375298,184.7446746826172,144719700.0,NVDA
2025-12-10,184.74467463147755,185.2540478736652,181.8182359713298,183.55612182617188,162785400.0,NVDA
2025-12-11,180.060377409269,181.09911899111663,176.40483245042134,180.70957946777344,182136600.0,NVDA
2025-12-12,180.88937065842447,182.59729422559735,174.40727135263347,174.80679321289062,204274900.0,NVDA
2025-12-15,177.72322484137152,178.20263580820242,174.81676632707214,176.07522583007812,164775600.0,NVDA
2025-12-16,176.04526619844617,178.27256047932946,174.686922405521,177.5034942626953,148588100.0,NVDA
2025-12-17,175.88546784627562,175.91543007880585,170.10251312474713,170.73175048828125,222775500.0,NVDA
2025-12-18,174.3173807251694,175.93540231223645,171.6106906687844,173.9278564453125,176096000.0,NVDA
2025-12-19,176.4547863729682,181.22896236326454,176.12518653595592,180.76953125,324925900.0,NVDA
2025-12-22,183.6959478478248,183.935660967629,182.1278683380167,183.4662322998047,129064400.0,NVDA
2025-12-23,182.74711840334103,189.09937165158402,182.67719635774475,188.97952270507812,174873600.0,NVDA
2025-12-24,187.71105179508496,188.67987134928,186.36269028434322,188.38023376464844,65528500.0,NVDA
2025-12-26,189.68863982420257,192.45526970950266,187.7709805748158,190.2978973388672,139740300.0,NVDA
2025-12-29,187.4813341773615,188.53004285167208,185.68352392965699,187.99070739746094,120006100.0,NVDA
2025-12-30,188.01069817319677,188.75978454971104,186.70228116711607,187.31153869628906,97687300.0,NVDA
2025-12-31,189.33906392286715,190.32784810299728,186.26281429981768,186.27279663085938,120100500.0,NVDA
2026-01-02,189.60873357074172,192.69496568024334,188.03065649528438,188.6199493408203,148240500.0,NVDA
2026-01-05,191.52640398377517,193.39413642527967,185.9232371396652,187.89083862304688,183529700.0,NVDA
2026-01-06,190.2879203285983,191.935904267691,186.5924305704924,187.0119171142578,176862600.0,NVDA
2026-01-07,188.34028795646717,191.13686475404677,186.3327268208183,188.87962341308594,153543200.0,NVDA
2026-01-08,188.87962438445808,189.31909080925226,183.4862088297309,184.8145751953125,172457000.0,NVDA
2026-01-09,184.8545293482555,186.1129888751533,183.44624341374129,184.63479614257812,131327500.0,NVDA
2026-01-12,182.99680052530172,186.89204340473577,182.79704721562317,184.71470642089844,137968500.0,NVDA
2026-01-13,184.7746378408776,187.88084992986475,183.17658082293008,185.58364868164062,160128900.0,NVDA
2026-01-14,184.0954710990846,184.2352999433054,180.57975484984624,182.91690063476562,159586100.0,NVDA
2026-01-15,186.2727952885624,189.46889382188115,186.10300422087673,186.82212829589844,206188600.0,NVDA
2026-01-16,188.84966224271636,190.20800608356458,185.85331687968656,186.0031280517578,187967200.0,NVDA
2026-01-20,181.67840938923754,182.15783564218773,177.39364202987932,177.85308837890625,223345300.0,NVDA
2026-01-21,178.8318922054109,185.15418310637224,178.18267486272933,183.09669494628906,200381000.0,NVDA
2026-01-22,184.52493568425237,185.94320399708803,183.70592730123704,184.6148223876953,139636600.0,NVDA
2026-01-23,187.27158465782284,189.3690325020707,186.59242035942677,187.44137573242188,142748100.0,NVDA
2026-01-26,186.93200550896393,188.88960930416175,185.76343263076708,186.2428436279297,124799600.0,NVDA
2026-01-27,187.01190478720812,189.76853699604698,185.47377232125424,188.29034423828125,143711600.0,NVDA
2026-01-28,191.0369866951896,192.1156727976695,189.60872088942648,191.28668212890625,148552700.0,NVDA
2026-01-29,191.10690928022157,193.244301759811,185.83334250366076,192.27548217773438,171764400.0,NVDA
2026-01-30,190.97707539362895,194.25307849059112,189.23918956869622,190.8971710205078,179489500.0,NVDA
2026-02-02,186.97193993484487,190.06816944570554,184.65477420739685,185.38388061523438,165794100.0,NVDA
2026-02-03,186.01312186532803,186.04308409913696,176.01530661894333,180.12030029296875,204019600.0,NVDA
2026-02-04,179.241398362594,179.36124730830178,171.70059231104517,173.97781372070312,207014100.0,NVDA
2026-02-05,174.7168961324724,176.60460839935587,170.8216531377948,171.67062377929688,206312900.0,NVDA
2026-02-06,176.4747642750831,186.77220252110314,174.38731390455436,185.18414306640625,231346200.0,NVDA
2026-02-09,184.03552934237337,193.42408742490235,183.7259094221984,189.80848693847656,196387400.0,NVDA
2026-02-10,191.1468699498802,192.24552080983682,187.89083145679504,188.31031799316406,136764800.0,NVDA
2026-02-11,192.21556708670826,193.02457795983298,188.54005713468442,189.81849670410156,144192700.0,NVDA
2026-02-12,192.79485804306626,193.3741533411549,186.28279615580217,186.7122802734375,189932500.0,NVDA
2026-02-13,187.25160463564347,187.27158453858374,181.36878053627944,182.58729553222656,161888000.0,NVDA
2026-02-17,181.5285959992061,186.92201173748992,178.9617194034806,184.7446746826172,162276900.0,NVDA
2026-02-18,188.52005804720127,190.13807962880853,186.53247684939709,187.75099182128906,164749100.0,NVDA
2026-02-19,186.8321237354349,188.20044994409497,185.43383529156333,187.6710968017578,126554500.0,NVDA
2026-02-20,186.342734664171,190.09814888521723,185.71349722992974,189.58877563476562,178422300.0,NVDA
2026-02-23,191.1668239815537,193.71372053376285,189.34904909171755,191.316650390625,171584800.0,NVDA
2026-02-24,191.2567378902843,193.53395924081437,187.171708627792,192.61508178710938,175123600.0,NVDA
2026-02-25,194.2131137016724,197.38924768090467,193.5539140704845,195.32176208496094,250637100.0,NVDA
2026-02-26,194.03334246429932,194.0533071271398,184.09546670933034,184.66476440429688,360807900.0,NVDA
2026-02-27,181.0292033274304,182.36756729714082,176.1651407824763,176.97415161132812,311636500.0,NVDA
2026-03-02,174.79680413295333,183.2365228635074,174.42725972943845,182.25770568847656,209095300.0,NVDA
2026-03-03,178.27256086028186,180.67961330625172,176.70446619030554,179.83065795898438,178099400.0,NVDA
2026-03-04,180.22019302825058,184.47499807110998,179.84065106191534,182.8170166015625,177731200.0,NVDA
2026-03-05,180.94928366467312,183.83576224630102,177.6632984882966,183.11663818359375,198779700.0,NVDA
2026-03-06,179.62092189230134,182.53736302725528,176.6046117177772,177.6033935546875,189021900.0,NVDA
2026-03-09,176.61458806542097,182.68718325690133,175.34613090826778,182.427490234375,177213600.0,NVDA
2026-03-10,182.17778352587916,186.21287029543888,181.78825925636124,184.54490661621094,179118500.0,NVDA
2026-03-11,185.6935753620157,187.40157611978597,184.23526832414757,185.8134307861328,145280400.0,NVDA
2026-03-12,183.83574790315467,184.72471123223085,181.53842231669145,182.9268035888672,155762700.0,NVDA
2026-03-13,184.70472270189353,185.87335881208497,179.73052445930352,180.0401611328125,160988400.0,NVDA
2026-03-16,182.7570048934839,188.66012868968363,181.19882333613754,183.0067138671875,217307400.0,NVDA
2026-03-17,184.8445618023411,185.1841623368753,181.4684917186082,181.71820068359375,182497800.0,NVDA
2026-03-18,182.26756764801692,183.16652908726184,180.12007659614625,180.1899871826172,156683100.0,NVDA
2026-03-19,177.80276430906588,179.77047215436778,175.5853475010711,178.3521270751953,170968500.0,NVDA
2026-03-20,177.79278016290237,178.05247199547227,171.52009228430225,172.4989471435547,241323500.0,NVDA
2026-03-23,177.0536408486584,178.16234927411983,174.55655117338722,175.43553161621094,182836300.0,NVDA
2026-03-24,174.6264683383626,176.01484951930743,173.777451794472,174.99603271484375,147667800.0,NVDA
2026-03-25,176.89383761026875,181.00903649280792,176.64412864426953,178.47198486328125,162602100.0,NVDA
2026-03-26,175.86504388946904,176.30451888215924,170.9407749866337,171.04066467285156,186152200.0,NVDA
2026-03-27,169.80209026823204,170.77096223786808,166.81556566439232,167.32498168945312,196212700.0,NVDA
2026-03-30,168.58352034150624,169.25273855906806,164.07877596313077,164.97772216796875,185627000.0,NVDA
2026-03-31,166.77563225072552,174.41672082635512,166.7656493784466,174.1969757080078,226181300.0,NVDA
2026-04-01,175.79511913229018,177.16351944386196,174.54657425208924,175.54541015625,168132000.0,NVDA
2026-04-02,171.97954556798163,177.28337661769746,171.170490985778,177.18348693847656,143143200.0,NVDA
2026-04-06,176.953760088437,177.58301630024127,175.55538077559635,177.43319702148438,107564300.0,NVDA
2026-04-07,175.52541836668527,178.0225079733855,173.4578360976707,177.89266967773438,132534900.0,NVDA
2026-04-08,184.28522303450282,185.0443328296099,180.09011531444295,181.8680419921875,147732700.0,NVDA
2026-04-09,181.6283100364998,183.86570786090292,180.40972906189933,183.69590759277344,116428500.0,NVDA
2026-04-10,184.09543736125556,189.77881591864653,184.08545448929232,188.41041564941406,160459500.0,NVDA
2026-04-13,185.81343445538195,189.43921351677633,185.52377876103736,189.08961486816406,133648200.0,NVDA
2026-04-14,190.61783708872017,196.28123474121094,190.54792650193752,196.28123474121094,161307000.0,NVDA
2026-04-15,196.31119931453722,200.166706463506,195.5121427945441,198.63848876953125,185338400.0,NVDA
2026-04-16,197.20015246424893,199.6173486077875,195.58204328148997,198.1190948486328,134012900.0,NVDA
2026-04-17,199.66727910555997,201.46518667284232,199.03802288778024,201.44520568847656,160324400.0,NVDA
2026-04-20,199.7471876833392,201.9346406188145,197.6096795882359,201.82476806640625,119381400.0,NVDA
2026-04-21,201.89470437258373,202.51397775047528,198.76834314349978,199.64732360839844,107945300.0,NVDA
2026-04-22,200.75603026628932,202.26426696777344,198.76834136586132,202.26426696777344,107501000.0,NVDA
2026-04-23,202.22431724671497,203.59271751351986,196.99041179336916,199.4075927734375,113561800.0,NVDA
2026-04-24,199.72721882416832,210.70441481695215,199.57738430538978,208.0275421142578,214134400.0,NVDA
2026-04-27,209.4059296471886,216.5775789683675,207.13858324348888,216.3578338623047,187172400.0,NVDA
2026-04-28,209.24613572912838,214.4800260296235,207.95762889823203,212.92184448242188,180275400.0,NVDA
2026-04-29,212.4523894424142,212.47237042757808,207.33835459433345,209.00640869140625,123711800.0,NVDA
2026-04-30,209.68560172993963,210.05518135667162,198.46867945247158,199.33767700195312,225239200.0,NVDA
2026-05-01,201.0456862731779,202.76368521944246,196.89052532216473,198.21897888183594,128647000.0,NVDA
2026-05-04,199.26774870200734,201.49514834231712,194.51329562325486,198.24893188476562,125368100.0,NVDA
2026-05-05,199.06798360144137,200.00689171848026,195.80178617585554,196.271240234375,113406600.0,NVDA
2026-05-06,199.65729931010404,208.0275486883452,198.37879062945476,207.5880584716797,188362800.0,NVDA
2026-05-07,208.0974592073836,213.95063795079753,206.25960488465944,211.2537841796875,168307900.0,NVDA
2026-05-08,212.7820061205359,217.5464575316693,212.642169707093,214.94947814941406,136421400.0,NVDA
2026-05-11,213.79081709888328,222.04121091513153,213.64099781886503,219.18453979492188,160685800.0,NVDA
2026-05-12,218.29558003818886,223.48952345691538,214.6698009927987,220.52297973632812,159176600.0,NVDA
2026-05-13,224.6681467194947,227.57476278227756,221.3120728008497,225.56710815429688,150405400.0,NVDA
2026-05-14,229.58243343997336,236.26463268418732,229.03307065698914,235.465576171875,180782900.0,NVDA
2026-05-15,229.49252726355346,231.23050718880455,223.97896415639156,225.05770874023438,180977600.0,NVDA
2026-05-18,229.60240180074675,229.7322553439391,218.1157890335498,222.0612030029297,146280900.0,NVDA
2026-05-19,219.36432694236115,224.21866983705235,217.6563261548179,220.35317993164062,140948200.0,NVDA
2026-05-20,222.9201831873553,225.8667612103758,220.2433103590018,223.20985412597656,184201600.0,NVDA
2026-05-21,222.03121805596584,227.13526994336974,217.6762930684293,219.25445556640625,203381800.0,NVDA
2026-05-22,220.64283833374193,220.75271088945502,214.54994865072538,215.07933044433594,169275700.0,NVDA
2026-05-26,216.28791550863897,217.92600574795006,211.75320730356688,214.60987854003906,187202600.0,NVDA
2026-05-27,213.87072806866348,213.90069192498567,208.53694826896,212.35250854492188,167601200.0,NVDA
2026-05-28,211.03403615445995,215.2691056248748,210.97410844231206,214.00057983398438,143996000.0,NVDA
2026-05-29,214.33020874183248,217.6063892667686,210.88422794322287,210.8942108154297,289410600.0,NVDA
2026-06-01,215.47885750139108,224.60821672379726,215.44889364463796,224.09881591796875,212850700.0,NVDA
2026-06-02,226.91551751623658,232.00958636747916,221.09231801448135,222.56060791015625,193362900.0,NVDA
2026-06-03,221.46188713313538,222.56061267075634,214.2602739078757,214.5,160907000.0,NVDA
2026-06-04,213.91000366210938,221.60000610351562,210.97000122070312,218.66000366210938,169022200.0,NVDA
2026-06-05,214.52999877929688,214.8699951171875,204.3300018310547,205.10000610351562,219655500.0,NVDA
2026-06-08,210.17999267578125,210.47000122070312,206.0,208.63999938964844,138372800.0,NVDA
2026-06-09,210.6199951171875,211.39999389648438,199.33999633789062,208.19000244140625,180962500.0,NVDA
2026-06-10,204.42999267578125,207.22000122070312,199.9199981689453,200.4199981689453,161746600.0,NVDA
2026-06-11,201.49000549316406,205.66000366210938,199.5399932861328,204.8699951171875,158643200.0,NVDA
2026-06-12,204.86000061035156,207.07000732421875,203.44000244140625,205.19000244140625,112001800.0,NVDA
2026-06-15,208.9199981689453,212.7100067138672,208.33999633789062,212.4499969482422,149936700.0,NVDA
2026-06-16,211.17999267578125,211.49000549316406,207.2899932861328,207.41000366210938,125694100.0,NVDA
2026-06-17,208.52999877929688,209.2100067138672,203.0800018310547,204.64999389648438,127804800.0,NVDA
2024-12-18,60.204665809294355,61.000235815736424,60.18549496310159,60.243003845214844,20946100.0,KO
2024-12-19,60.099230168563196,60.549732272844984,59.8116747781468,59.85960006713867,21300600.0,KO
2024-12-20,59.87876461291264,60.444291739022006,59.696643414857135,59.9554443359375,42458100.0,KO
2024-12-23,59.9075247807023,60.156738474945364,58.97775882603696,59.792503356933594,13010800.0,KO
2024-12-24,59.61996886242342,60.233421325683594,59.437847648573296,60.233421325683594,5019100.0,KO
2024-12-26,60.02254610754594,60.13757118759404,59.81167410705468,59.9746208190918,7943800.0,KO
2024-12-27,59.85960006713867,60.33886026998772,59.62955356092646,59.85960006713867,8542800.0,KO
2024-12-30,59.75415861529258,59.75415861529258,59.12153533213888,59.45701599121094,8972200.0,KO
2024-12-31,59.44743214077354,59.84042533533757,59.23655649514141,59.67747497558594,9256700.0,KO
2025-01-02,59.76374229820339,60.14715190039347,59.0640228822017,59.274898529052734,12991000.0,KO
2025-01-03,59.33241248345954,59.50494644291951,59.06402429293012,59.18863296508789,10403200.0,KO
2025-01-06,58.94900594863163,59.016102085649436,58.14384864795269,58.287628173828125,17924200.0,KO
2025-01-07,58.57518431782104,59.159882367705755,58.10550769622775,58.316383361816406,17799600.0,KO
2025-01-08,58.460159259510334,59.20780398167826,58.40264672070317,59.150291442871094,14412400.0,KO
2025-01-10,59.0256859663791,59.09278209956487,58.21094146039251,58.53683853149414,22425000.0,KO
2025-01-13,58.59435004589261,59.28448221180953,58.1917695973482,59.09278106689453,18016200.0,KO
2025-01-14,59.10237115782305,59.4953643984388,58.75730320870378,59.466609954833984,16658300.0,KO
2025-01-15,59.74457452537804,60.0225426449627,59.12153484202072,59.207801818847656,16187200.0,KO
2025-01-16,58.872318801537425,59.715817742798684,58.776468228049445,59.66789245605469,12585500.0,KO
2025-01-17,59.72540826806738,60.16632678062648,59.59121233877683,60.10881423950195,17948900.0,KO
2025-01-21,60.29093406992499,60.60724389766363,59.71581964131772,59.830841064453125,19817100.0,KO
2025-01-22,59.54328522989271,59.706235596533524,59.10236673080712,59.21738815307617,18191900.0,KO
2025-01-23,59.23656126730334,59.40909523554462,58.82439719388973,58.977760314941406,16528400.0,KO
2025-01-24,59.15987661576367,59.437844735736455,58.89148843389127,59.35157775878906,19244600.0,KO
2025-01-27,60.26217511797253,61.5178381289991,59.87876916079839,61.22069549560547,20742900.0,KO
2025-01-28,60.87562691696699,61.38364519802043,59.69664730399113,59.77333068847656,14956000.0,KO
2025-01-29,59.96503026139687,60.73184575702298,59.95544301094015,60.22383117675781,11325600.0,KO
2025-01-30,61.201521983298704,61.62327327122308,60.6072403988638,61.39323043823242,13201000.0,KO
2025-01-31,61.05774989403367,61.27820914611234,60.760607255250186,60.84687423706055,12096800.0,KO
2025-02-03,60.55931663010424,60.99065152334587,59.840426360189866,60.72226333618164,12067900.0,KO
2025-02-04,60.97148424848791,60.99065509558427,59.76374647667385,60.070472717285156,15678000.0,KO
2025-02-05,60.11839840008605,60.664754715048275,59.993789728955974,60.50180435180664,10686800.0,KO
2025-02-06,60.981063351372995,61.096088425477326,60.30051478368126,60.731849670410156,13423400.0,KO
2025-02-07,60.79895089404012,61.26862385500773,60.645587772188314,61.19194412231445,13184700.0,KO
2025-02-10,61.4411551831186,61.96834431975928,61.01940753027115,61.872493743896484,16154300.0,KO
2025-02-11,64.70012415824132,64.86307086398111,63.65534047833685,64.79597473144531,30589100.0,KO
2025-02-12,64.09626544847796,65.96537741026327,64.09626544847796,65.85993957519531,26033800.0,KO
2025-02-13,66.13791200925978,66.72261007727465,65.90786914554384,66.61717224121094,24393100.0,KO
2025-02-14,66.48297863437992,67.12518557727341,65.9078678301032,66.0133056640625,20779100.0,KO
2025-02-18,65.70656901605582,66.49255536386724,65.58195669768008,66.18582916259766,15569100.0,KO
2025-02-19,66.33919272473233,67.2210296940057,66.30085103307741,67.16352081298828,16032300.0,KO
2025-02-20,66.81845215706619,67.16352006518855,66.5404803803604,67.134765625,13398000.0,KO
2025-02-21,67.40315934831631,68.63006438331375,67.22103811836391,68.39043426513672,21662300.0,KO
2025-02-24,67.90157924932811,68.75466910336696,67.41273912774668,67.66194915771484,21418400.0,KO
2025-02-25,67.92076241035623,68.79301225229827,67.79615737948765,68.52462768554688,21555600.0,KO
2025-02-26,68.31374920070994,68.32333645282307,67.60444611588187,67.86325073242188,14531200.0,KO
2025-02-27,67.78656410482026,68.57255054316413,67.49900505860138,67.93034362792969,16789500.0,KO
2025-02-28,68.48628370671622,68.60130879417642,67.63320108527928,68.25624084472656,22167400.0,KO
2025-03-03,67.32647378501676,69.35853975430605,66.83763362500441,69.32019805908203,21717600.0,KO
2025-03-04,69.08056491309708,69.6365085000202,66.98140289763963,67.27854919433594,25411900.0,KO
2025-03-05,67.0005846082874,67.80573832043225,66.94306840532627,67.1731185913086,23933600.0,KO
2025-03-06,67.48943187840977,67.60444965807118,66.56924576353215,67.537353515625,21694000.0,KO
2025-03-07,66.76095204690293,68.8409397069893,66.76095204690293,68.46711730957031,28393300.0,KO
2025-03-10,68.97512981948138,70.18286761860641,68.36167732438656,68.48628234863281,25251200.0,KO
2025-03-11,68.89844588745835,69.05181266649109,67.68112815884083,68.09329223632812,28076400.0,KO
2025-03-12,67.45108927264111,67.79615723284107,66.84721668582571,67.03892517089844,18923300.0,KO
2025-03-13,67.33605821352727,67.33605821352727,66.40629225389085,66.73219299316406,15746600.0,KO
2025-03-14,66.15282679074875,66.87702206948198,66.02729489428864,66.78046417236328,14205100.0,KO
2025-03-17,66.85771593670952,67.75571850954078,66.70322475189904,67.70744323730469,15634800.0,KO
2025-03-18,67.69778376850448,67.77503304268328,66.91565512640886,66.9928970336914,12657600.0,KO
2025-03-19,66.1914600455094,66.99289732620088,66.18180204447081,66.8963394165039,14780000.0,KO
2025-03-20,66.92531489834417,67.4081118775373,66.71288304879563,67.31155395507812,16295300.0,KO
2025-03-21,67.31154574882845,67.56260221013271,65.83418835131225,66.30732727050781,47479500.0,KO
2025-03-24,66.43285694680758,66.70322203438347,65.97902667827829,66.57769012451172,12575400.0,KO
2025-03-25,66.57769506602847,66.70322698521743,66.23973868147488,66.44251251220703,12513900.0,KO
2025-03-26,66.54873374091584,67.92953339394677,66.5294251032128,67.61088562011719,14478200.0,KO
2025-03-27,67.76537637131406,68.54750502875585,67.65916045895821,68.30610656738281,11663400.0,KO
2025-03-28,68.37370121314304,68.86615616135613,67.137742208676,67.94884490966797,17412900.0,KO
2025-03-31,68.29646002803219,69.46482776710343,68.06471218705346,69.15583801269531,24016900.0,KO
2025-04-01,69.2137592591079,69.43584905971912,68.74062039141774,69.39722442626953,15309100.0,KO
2025-04-02,69.48413016828124,69.8703691683548,68.60544362583768,68.87580871582031,14606500.0,KO
2025-04-03,69.98624243264759,71.40565914195875,69.83174388728531,70.66215515136719,24959600.0,KO
2025-04-04,69.9282979439744,70.49800209000591,67.38878902131731,67.52397155761719,26517300.0,KO
2025-04-07,63.95128416171101,66.99289890686018,63.77747697339708,66.01765441894531,34258400.0,KO
2025-04-08,66.58734713077989,67.57225692583422,65.42863752507644,66.06592559814453,22774400.0,KO
2025-04-09,65.5831273723505,68.04539444319651,64.96514794624488,67.54328155517578,27918700.0,KO
2025-04-10,67.77502841605788,68.75993081046681,66.60666084972253,68.3254165649414,22450200.0,KO
2025-04-11,68.47026079185872,69.3779139662701,68.11298842909176,68.97236633300781,19988200.0,KO
2025-04-14,68.84684078636653,70.16004894180331,68.48956842880492,69.95726776123047,13930200.0,KO
2025-04-15,70.12142661602554,70.13107725016427,69.25239069528264,69.3875732421875,14965500.0,KO
2025-04-16,69.87036442142366,70.16969612686864,68.93373730412016,69.21376037597656,15276200.0,KO
2025-04-17,69.42619817003956,70.90355555803836,69.25239098516343,70.48834991455078,20754500.0,KO
2025-04-21,70.8552633592413,70.94217062340135,69.34893953815688,70.26625061035156,16037200.0,KO
2025-04-22,70.48834029287583,71.82085695043966,70.41109102860958,71.35737609863281,15613500.0,KO
2025-04-23,70.768364766163,71.40565279186814,69.88967094307345,70.77802276611328,16353900.0,KO
2025-04-24,70.50766113167953,70.90355815440967,69.81243973361352,70.02486419677734,16893900.0,KO
2025-04-25,70.15039709104516,70.41110419808646,68.68269026305236,69.43585968017578,16316000.0,KO
2025-04-28,69.60000754084673,69.77381473118162,68.85649613950994,69.31998443603516,15997500.0,KO
2025-04-29,68.74062516382395,70.20832450232723,67.8619312673565,69.86071014404297,16244100.0,KO
2025-04-30,70.82631905329791,70.95185098922308,69.22343682990221,70.05384826660156,21074700.0,KO
2025-05-01,69.5227517874069,69.56137642242741,68.77924782222576,68.8371810913086,18034200.0,KO
2025-05-02,69.03995864687234,69.34894837690976,68.65371964260149,69.18479919433594,12629600.0,KO
2025-05-05,69.20410373913376,69.32963564406757,68.56681568161564,69.23307037353516,11932700.0,KO
2025-05-06,69.21377098988688,69.42620282641609,68.71166540373346,69.25239562988281,12705500.0,KO
2025-05-07,69.25240002363012,70.18902734398984,69.2041173788477,69.90900421142578,15018200.0,KO
2025-05-08,69.71586623715483,69.9765806767391,68.68268121290009,68.72130584716797,14371100.0,KO
2025-05-09,68.54748862474484,68.70198713916102,68.03572518780688,68.09365844726562,11228900.0,KO
2025-05-12,67.73640424726159,67.91021142004575,66.33628886458484,67.13773345947266,21539000.0,KO
2025-05-13,67.19567809155261,67.29224337812623,66.500456649743,66.58735656738281,14389100.0,KO
2025-05-14,66.51009174677746,66.95426396703974,66.22041805542136,66.78046417236328,16286800.0,KO
2025-05-15,67.30188390338736,69.26204547616813,67.2053259982154,69.14617156982422,19817100.0,KO
2025-05-16,69.38756831718234,69.77380729530867,68.97236270490329,69.52275085449219,18441200.0,KO
2025-05-19,69.5517199545709,69.6869024966736,69.17513896344255,69.45516204833984,13282800.0,KO
2025-05-20,69.32964273377839,69.64828311167398,68.97237035020261,69.22342681884766,12137800.0,KO
2025-05-21,69.2234232484415,69.60000424853749,69.11720733898919,69.37791442871094,12094400.0,KO
2025-05-22,69.36826510609093,69.5131056704549,68.51854509106452,68.69235229492188,11101800.0,KO
2025-05-23,69.07858435085139,69.50344799880062,68.25783105841015,69.30066680908203,12822100.0,KO
2025-05-27,69.27170098439267,69.73518927548727,69.09789379609425,69.3103256225586,10666100.0,KO
2025-05-28,69.23306798473453,69.42619115224005,68.6054379493044,68.70199584960938,8710900.0,KO
2025-05-29,68.5571725968874,69.19446815995514,68.03575096353126,69.03031158447266,10291100.0,KO
2025-05-30,69.14617717058081,69.97658848273461,69.14617717058081,69.61931610107422,28019500.0,KO
2025-06-02,69.55171748864491,69.5613754889944,68.90477143624837,69.52275085449219,10202700.0,KO
2025-06-03,69.24272680449768,69.31031807220083,68.04539261937222,68.71165466308594,20139800.0,KO
2025-06-04,68.80822042653436,69.37791726699777,68.24817422049146,68.91443634033203,13565900.0,KO
2025-06-05,68.92409120269888,69.00134048418063,68.39301896802996,68.47026824951172,13531400.0,KO
2025-06-06,68.6344116191381,69.02065062685098,68.49922907147304,68.8951187133789,9524000.0,KO
2025-06-09,68.89511916343761,69.35860744910008,68.64406270174976,69.30066680908203,12281300.0,KO
2025-06-10,69.42619587963567,70.1890158677097,69.2910133366247,69.86071014404297,12265000.0,KO
2025-06-11,69.78345545942628,69.87036272570492,69.29100796246418,69.59033966064453,12718500.0,KO
2025-06-12,69.7641517140633,69.90899225674505,69.13651427370635,69.7544937133789,12806900.0,KO
2025-06-13,69.79339316336805,69.90036426836417,68.78204212949082,69.06404876708984,17467200.0,KO
2025-06-16,69.23908467696567,69.6475231359899,68.30552483499082,68.57781219482422,15045900.0,KO
2025-06-17,68.44166978608237,68.51946829584377,67.66370694629117,67.70260620117188,15437000.0,KO
2025-06-18,68.07213762938471,68.07213762938471,67.18719627895109,67.30389404296875,16227600.0,KO
2025-06-20,67.18719895440934,67.64425594091952,66.88573899278538,66.94408416748047,40859400.0,KO
2025-06-23,67.23582379516291,67.88736963299863,67.0705075233433,67.81929779052734,21822800.0,KO
2025-06-24,68.01379883852329,68.41250325259621,67.77068403846482,68.27635955810547,15216100.0,KO
2025-06-25,68.00407441662121,68.09159218628271,67.51784480043466,67.71233367919922,12540400.0,KO
2025-06-26,67.78040126170043,67.99434346643818,67.24555316913073,67.5567398071289,14454100.0,KO
2025-06-27,67.67342606249437,68.61671258849236,67.55673571735596,68.39305114746094,23470700.0,KO
2025-06-30,68.19855582532753,68.84038240964402,68.15965656998037,68.80148315429688,15429000.0,KO
2025-07-01,69.03487915548418,70.4546687511552,68.94736138540848,69.69615173339844,21729300.0,KO
2025-07-02,69.71560163612547,69.85174532904846,68.79176095497682,68.95708465576172,13050200.0,KO
2025-07-03,69.08349640843115,69.4335822833149,68.5097416726539,69.38495635986328,9440500.0,KO
2025-07-07,69.40441481917803,69.40441481917803,68.85011337958225,69.05432891845703,16984700.0,KO
2025-07-08,68.73341112175684,68.73341112175684,67.9554408555187,68.30552673339844,17115500.0,KO
2025-07-09,68.22773982622861,68.31525759142838,67.07051102453329,67.56646728515625,33704100.0,KO
2025-07-10,67.3817039282819,67.92627874708911,67.25528689370893,67.84848022460938,14608400.0,KO
2025-07-11,67.65398377027596,68.22773853529256,67.34279713444015,67.94572448730469,12916700.0,KO
2025-07-14,67.87765311423554,68.14994049507462,67.36224352133337,67.5567398071289,13983200.0,KO
2025-07-15,67.59564607044796,67.63454533163889,67.24556013900492,67.44977569580078,12639800.0,KO
2025-07-16,67.44004216681327,67.58591252662495,66.895467404076,67.36224365234375,13178300.0,KO
2025-07-17,67.8873723163439,68.7431411346933,67.5956390167677,68.64588928222656,20464700.0,KO
2025-07-18,68.50003197643797,68.75286603967888,67.90683124011649,67.92627716064453,14928000.0,KO
2025-07-21,68.25691842524054,68.67507620743629,68.00407693805174,68.14022064208984,17811700.0,KO
2025-07-22,67.53729313821027,68.3249901897365,66.79822943702882,67.74151611328125,22339900.0,KO
2025-07-23,67.74150912444364,67.8193002191434,66.71069736246947,67.25527954101562,21030000.0,KO
2025-07-24,67.35252696650302,67.63454102773488,67.08995882499147,67.19692993164062,12511400.0,KO
2025-07-25,67.22610775729738,67.3233596212991,66.85657589962774,67.26500701904297,12574800.0,KO
2025-07-28,66.8468368409659,67.00243385911216,66.18556435239269,66.21473693847656,13668800.0,KO
2025-07-29,66.45785695322093,67.50811465066909,66.27309475370163,67.4692153930664,16223400.0,KO
2025-07-30,67.2066609439948,67.42060317111795,66.6426327850839,66.85657501220703,10448200.0,KO
2025-07-31,66.273097517806,66.75932712920695,65.87438567520516,66.02025604248047,17193400.0,KO
2025-08-01,66.71069006103446,67.13857442178738,66.38977679046977,66.96353149414062,16107500.0,KO
2025-08-04,66.82740286597131,67.17748880008959,66.4286910001739,67.060791015625,10701500.0,KO
2025-08-05,67.00244505561813,67.57619246254212,66.85657468154875,67.1483154296875,11993400.0,KO
2025-08-06,67.21638358966032,67.87765615241412,66.73987323258883,67.59564208984375,10783000.0,KO
2025-08-07,67.54702393506281,68.77232476397133,67.4206068935446,68.49031066894531,15790800.0,KO
2025-08-08,68.42223196486772,68.91818824919164,68.14994456775658,68.40277862548828,9232700.0,KO
2025-08-11,68.36387951537151,68.90845425168295,68.03323955455788,68.80148315429688,10909400.0,KO
2025-08-12,68.8695672467851,69.10295540110852,68.2860931513387,68.7625961303711,11061100.0,KO
2025-08-13,68.7431390818534,68.82093017451922,68.29580876710854,68.51947021484375,10356500.0,KO
2025-08-14,68.44167219773797,68.51947071024072,67.47893971815856,67.63453674316406,10722400.0,KO
2025-08-15,67.81929605320511,68.45139595668844,67.65397978562038,67.99433898925781,12381100.0,KO
2025-08-18,68.05269330434054,68.12076514679205,67.14830601504212,67.2260971069336,14094900.0,KO
2025-08-19,67.39142710581851,68.28608781014285,67.33307450734513,68.19856262207031,13862200.0,KO
2025-08-20,68.79176028044219,69.73504687164127,68.47085438985596,68.75286102294922,17530800.0,KO
2025-08-21,68.65562139905826,68.95708881093178,68.39306066667838,68.71397399902344,8840400.0,KO
2025-08-22,69.0057055575972,69.0640507367955,67.99434707560117,68.19856262207031,12999600.0,KO
2025-08-25,68.17911841948447,68.29581620009569,66.8274006593243,67.0316162109375,13634600.0,KO
2025-08-26,67.13858001583317,67.177479271804,66.69124970108037,66.83712005615234,17964200.0,KO
2025-08-27,66.92464527834655,66.97327120854948,66.58428602475186,66.93437194824219,11562700.0,KO
2025-08-28,66.98298569010511,67.00243902851135,66.39951166558859,66.47731018066406,16209900.0,KO
2025-08-29,66.7787715434092,67.23582855490409,66.54538341259635,67.08995819091797,14601100.0,KO
2025-09-02,67.06078321615301,67.43031502839942,66.38006476746892,67.15802764892578,24770100.0,KO
2025-09-03,66.76905229327839,67.19692929655614,65.51457903383762,67.08995819091797,33581500.0,KO
2025-09-04,67.20666164631577,67.54702091153418,66.23420236324857,66.37034606933594,16736000.0,KO
2025-09-05,66.13695142757932,66.69125286775295,66.00080773485419,66.08832550048828,23978000.0,KO
2025-09-08,65.99107181234983,66.01051772889467,65.3103534441742,65.57291412353516,21671700.0,KO
2025-09-09,65.42705312687427,66.23419603533294,65.42705312687427,65.99108123779297,14120600.0,KO
2025-09-10,65.92301399381509,66.21474731966617,65.3589858435175,65.95218658447266,16041900.0,KO
2025-09-11,66.04943138652364,66.29254620236269,65.71879879823474,65.75769805908203,15128700.0,KO
2025-09-12,65.73823708358144,65.85493485256897,65.09641790233633,65.16448974609375,18712400.0,KO
2025-09-15,65.34087997366443,65.43887019959712,64.77252619660982,64.88031768798828,15986100.0,KO
2025-09-16,65.01749759399466,65.1742879173627,64.73332074002066,64.90970611572266,18555900.0,KO
2025-09-17,65.07630415392892,65.78183825049771,65.07630415392892,65.69364929199219,17372300.0,KO
2025-09-18,65.45846562038378,65.69364363231217,65.01749843732205,65.12528991699219,17722900.0,KO
2025-09-19,65.15467885775134,65.38986431922842,64.72352046405675,65.09588623046875,31192900.0,KO
2025-09-22,64.83132631310944,65.2526835370025,64.75293114189328,64.88031768798828,13298700.0,KO
2025-09-23,65.01750660449217,65.41927625667174,64.57654684221352,65.37027740478516,15072800.0,KO
2025-09-24,65.07630366615524,65.43886823886022,64.63533644840827,65.11549377441406,14759300.0,KO
2025-09-25,65.40947067059923,65.57605479413007,64.62553394924579,64.65493774414062,14395000.0,KO
2025-09-26,64.74312650156337,64.99790705664735,64.18457401907035,64.35115814208984,17821600.0,KO
2025-09-29,64.35115781937314,64.7725224953635,64.03758462860179,64.71372985839844,14818500.0,KO
2025-09-30,64.74312648384371,65.30167896618386,64.63533499811362,64.98810577392578,13815000.0,KO
2025-10-01,65.17429132233272,65.48786450927703,64.95870835452578,65.4388656616211,14877500.0,KO
2025-10-02,65.19388664524624,65.31147939440201,64.53734395051924,64.77252197265625,14350700.0,KO
2025-10-03,64.77252025369017,65.64464589397056,64.71372761875983,65.31147766113281,12249200.0,KO
2025-10-06,65.15468906219432,65.16449032700093,64.51774142090602,64.77252197265625,14333300.0,KO
2025-10-07,64.89010937503801,65.90922402189203,64.54713989681164,65.44866180419922,13328300.0,KO
2025-10-08,65.33107181102581,65.52705971837518,64.7333217769151,64.79212188720703,12606700.0,KO
2025-10-09,64.95870658196498,65.45846640495527,64.79212246635964,65.03710174560547,12705200.0,KO
2025-10-10,65.18408816671072,66.04642007836401,65.04690035825222,65.69364929199219,17991700.0,KO
2025-10-13,64.89991312561031,65.45846557617188,64.67452890204109,65.45846557617188,13690000.0,KO
2025-10-14,65.52706653524768,66.21300559189413,65.40947377860472,66.15421295166016,14245600.0,KO
2025-10-15,65.91902065868352,66.35998784361045,65.57605116563428,65.73284149169922,11193700.0,KO
2025-10-16,65.83083520250732,66.74215846166473,65.81124014879597,66.23259735107422,15707200.0,KO
2025-10-17,66.6343629522679,67.12432150338752,66.43838252228973,67.0655288696289,15541800.0,KO
2025-10-20,67.05572760527774,67.26150929960708,66.55596778980696,67.0655288696289,17786800.0,KO
2025-10-21,69.15274814154425,69.95627984931726,68.81957992240194,69.7896957397461,33651300.0,KO
2025-10-22,69.92688156445087,70.18166209179373,69.09395356387,69.38792419433594,18293000.0,KO
2025-10-23,69.38793888201415,69.50553164479624,68.3198326557346,68.53541564941406,13989400.0,KO
2025-10-24,68.50601600463493,68.64320381647156,68.25123543572047,68.31002807617188,15688200.0,KO
2025-10-27,68.3786242451756,68.7117999965022,67.85926930086605,68.65299987792969,13800000.0,KO
2025-10-28,68.64320033514493,69.47612842938857,68.54520263779597,68.75099182128906,12730500.0,KO
2025-10-29,68.51580263469621,68.62359411504399,66.79115390148044,66.97733306884766,19789600.0,KO
2025-10-30,67.07531847435207,67.89845267650514,67.01652584426033,67.59468078613281,14751700.0,KO
2025-10-31,67.17331927227266,67.68287286775298,66.53637167079172,67.51628875732422,16742700.0,KO
2025-11-03,67.41830590425431,67.50649486310667,66.30120090174199,66.60497283935547,15660400.0,KO
2025-11-04,67.09492602676555,67.34970656986725,66.79115411364286,67.28111267089844,12743800.0,KO
2025-11-05,67.28111382078306,67.44769793881517,66.81075030826216,67.13412475585938,12850100.0,KO
2025-11-06,66.92834119869096,67.7514679775491,66.55596791439153,67.6730728149414,15906700.0,KO
2025-11-07,68.40801177093759,69.44672900218079,68.01605090378472,69.1331558227539,25108300.0,KO
2025-11-10,68.60399221276452,69.24093976681417,68.04543981408145,69.10374450683594,15318000.0,KO
2025-11-11,69.5545222605106,70.30905517284877,69.2409490730724,70.17186737060547,16160200.0,KO
2025-11-12,70.05427289816534,70.4462412418629,69.90728383475697,70.0738754272461,13612600.0,KO
2025-11-13,69.98568498058603,70.23066428181421,69.57412154880467,69.64271545410156,14002800.0,KO
2025-11-14,69.97588289768096,70.20125964144074,69.1821449719783,69.73090362548828,13172000.0,KO
2025-11-17,69.77009744703302,70.09347189783703,69.20175118715945,69.26054382324219,14772300.0,KO
2025-11-18,69.56431152148734,69.90728100477325,69.15274814154425,69.7896957397461,12838900.0,KO
2025-11-19,69.77009660687074,70.01507588916476,69.387929524586,69.6819076538086,12401500.0,KO
2025-11-20,69.52511904395256,70.04448141524637,69.19195080035703,69.77989959716797,15396500.0,KO
2025-11-21,70.24046331284934,71.72014033852818,70.05427665746251,71.48495483398438,26492500.0,KO
2025-11-24,71.69073918877703,71.69073918877703,70.13266709990427,71.1321792602539,39818600.0,KO
2025-11-25,71.33797346016362,71.46536000172232,70.69122453492395,71.15178680419922,17451200.0,KO
2025-11-26,71.14198334291316,71.62214065138447,70.9362016392826,71.4163589477539,11795100.0,KO
2025-11-28,71.53394991749256,71.75933414510548,71.2987719015036,71.65154266357422,7423000.0,KO
2025-12-01,71.64167322861248,71.94758632563475,70.98051908409195,71.00025177001953,14388100.0,KO
2025-12-02,70.85224088449384,70.85224088449384,69.50032221475122,69.73715209960938,19871300.0,KO
2025-12-03,69.94437323728688,70.45751339427578,69.67794058058216,69.87529754638672,17001700.0,KO
2025-12-04,69.89503882975501,70.39830135886356,69.44111177850974,69.52005004882812,17710000.0,KO
2025-12-05,69.39176441704456,69.77661575217998,68.94770750071454,69.07598876953125,13978200.0,KO
2025-12-08,68.91810129893102,69.4509741475746,68.57272284018585,69.32269287109375,17775100.0,KO
2025-12-09,69.44110519218218,69.69766772158269,68.90823239247449,69.164794921875,13010600.0,KO
2025-12-10,69.46085031155356,69.59900170709838,68.85890171867125,69.2832260131836,29789400.0,KO
2025-12-11,69.61873284921789,69.756884226757,67.88196299470222,68.19773864746094,23124200.0,KO
2025-12-12,68.1977426238054,69.68781260121206,68.12866693100831,69.58912658691406,18444500.0,KO
2025-12-15,69.5003226051665,70.37857398144007,69.39177400552045,70.03319549560547,18660100.0,KO
2025-12-16,70.35883287251339,70.35883287251339,69.39176569924918,69.44110870361328,17370000.0,KO
2025-12-17,69.638473608309,69.98385209220345,69.38190350797899,69.73715209960938,13672700.0,KO
2025-12-18,69.34242036795195,69.86543059913025,69.24374189122055,69.43123626708984,15524800.0,KO
2025-12-19,69.13520050048828,69.83582754545967,69.10559770725773,69.13520050048828,36911100.0,KO
2025-12-22,69.00692322209395,69.29309612106148,68.7404905388822,69.2832260131836,12828500.0,KO
2025-12-23,69.27334635810989,69.33255946853012,68.77008385599288,68.94770812988281,9471000.0,KO
2025-12-24,68.97732033128716,69.23389043495087,68.82929882807016,69.1845474243164,4515300.0,KO
2025-12-26,69.0266463959675,69.23388098941024,68.8095567533779,68.94770812988281,5711400.0,KO
2025-12-29,69.07599511614383,69.49044927995605,68.92797362087204,69.23388671875,9686900.0,KO
2025-12-30,69.07598961914546,69.31281947552205,68.8786326602792,69.14506530761719,8610900.0,KO
2025-12-31,69.14506668168093,69.2338825850155,68.95757229695229,68.9871826171875,8127800.0,KO
2026-01-02,68.92797078737598,68.94771100123326,68.0694597017261,68.20761108398438,12151300.0,KO
2026-01-05,68.01024198336809,68.01024198336809,67.02344216052634,67.04318237304688,21186600.0,KO
2026-01-06,67.11225784593513,67.34908769463168,66.69779619985977,66.94449615478516,21019900.0,KO
2026-01-07,67.0925249735506,67.17147077464801,66.38202782104587,66.64846801757812,20223400.0,KO
2026-01-08,66.64846947164689,68.54312356720452,66.55965356130312,68.45431518554688,19237000.0,KO
2026-01-09,68.51351610046417,69.72728326780512,68.20761054625903,69.57926177978516,19638600.0,KO
2026-01-12,69.96411846121707,70.03319415706375,69.31282687578879,69.56939697265625,20582500.0,KO
2026-01-13,69.49045352040655,70.29962921142578,69.34243201610218,70.29962921142578,18324800.0,KO
2026-01-14,70.230546203407,70.76341904622764,69.87529764152659,70.49698638916016,16739100.0,KO
2026-01-15,70.64500068317753,70.65487079013353,69.441111138545,69.5496597290039,15464100.0,KO
2026-01-16,69.362163755484,69.80622068544412,69.11546378802049,69.51018524169922,20027500.0,KO
2026-01-20,69.07599472418063,70.83249738543434,68.86876764345041,70.80289459228516,22152200.0,KO
2026-01-21,71.02986070831885,71.28642326380957,69.89503930809639,71.05946350097656,21660600.0,KO
2026-01-22,70.88183752597381,71.08906459832171,70.49698617322974,70.92131042480469,13962800.0,KO
2026-01-23,71.06932783504202,72.0956006684145,70.83249795924407,71.91797637939453,18307100.0,KO
2026-01-26,71.89824637142958,72.33244076713704,71.58247068237496,71.60220336914062,14017400.0,KO
2026-01-27,71.48378364275746,72.58899465793839,71.31602194622288,72.57913208007812,13239200.0,KO
2026-01-28,72.24361780016629,72.64820936187252,71.61206648372996,72.09559631347656,14633700.0,KO
2026-01-29,72.21401627497787,73.11200026025516,72.17454337592267,72.4607162475586,20862100.0,KO
2026-01-30,72.7370236927637,73.91131804699124,72.56926950749867,73.82250213623047,26420500.0,KO
2026-02-02,74.01986427962527,74.70075110650464,73.41791572472846,74.33563995361328,19301500.0,KO
2026-02-03,74.27642718447655,76.47699433406568,74.13827579700666,75.87504577636719,27007100.0,KO
2026-02-04,76.25002606276702,77.07894190566772,76.06253919856275,76.32897186279297,28607300.0,KO
2026-02-05,76.79276898046798,77.81904179412463,76.56580168770265,77.47366333007812,21633500.0,KO
2026-02-06,77.46379836310241,78.15455533703133,77.22696847613912,77.98680114746094,18512400.0,KO
2026-02-09,77.63154517734705,78.06573953610142,76.51646401717456,76.94078826904297,23415600.0,KO
2026-02-10,75.61847252120707,76.48686123887099,75.00666141051002,75.79609680175781,28848200.0,KO
2026-02-11,75.86517247503785,78.00653394803875,75.56913702664558,77.56246948242188,22649700.0,KO
2026-02-12,77.93745878206704,79.34858292876153,77.74996439340934,77.95719146728516,26043500.0,KO
2026-02-13,77.41445116149315,78.35191560814155,77.09867548640923,77.64141845703125,16711900.0,KO
2026-02-17,77.94732051141658,78.58874193996218,77.70062054110562,78.50979614257812,16260200.0,KO
2026-02-18,78.45058971122995,78.78609805345862,77.87824397940815,78.44071960449219,16304900.0,KO
2026-02-19,78.41111307125654,78.6183401307477,77.55259451449156,77.86837768554688,14924700.0,KO
2026-02-20,78.28283975448566,78.78610229492188,77.8486453788755,78.78610229492188,17175100.0,KO
2026-02-23,78.47032449375682,79.78277016360019,78.45059180843931,79.49659729003906,17157700.0,KO
2026-02-24,79.47687094249291,80.01960641188997,78.79597655011308,79.65449523925781,16448500.0,KO
2026-02-25,79.33871544412028,79.62488832569855,78.50979959253391,79.40779113769531,18086900.0,KO
2026-02-26,79.68409316732277,79.82224455318176,78.96372591647007,79.43739318847656,12843200.0,KO
2026-02-27,79.8715797388387,80.9175851375349,79.753161050262,80.48339080810547,28483500.0,KO
2026-03-02,80.17748970098327,80.32551118770682,79.09201134615323,79.16108703613281,18137200.0,KO
2026-03-03,78.80584189357235,79.02293907968077,77.52299899130585,78.2927017211914,20549300.0,KO
2026-03-04,78.24337091745954,78.42099521409853,76.72369805258968,77.06907653808594,21011800.0,KO
2026-03-05,76.6546126312317,76.69408552866471,75.49018850735642,76.01319122314453,23165700.0,KO
2026-03-06,75.78623379649675,76.17108514740708,75.34216933327939,76.02306365966797,15516000.0,KO
2026-03-09,75.6086089906323,77.03946579521713,75.51979308713285,76.77303314208984,18554100.0,KO
2026-03-10,76.45726054519106,77.37498476510837,76.08227176002292,76.85197448730469,17243900.0,KO
2026-03-11,76.6842238186469,76.6842238186469,75.58887526317328,76.60527801513672,11546800.0,KO
2026-03-12,76.39804638147584,77.12828372746395,75.88491374656532,76.58554077148438,16842200.0,KO
2026-03-13,76.97304299165201,77.5493241995201,76.69484036177172,76.8438720703125,11974500.0,KO
2026-03-16,77.49963877532433,77.92688067691923,77.24130452354646,77.32079315185547,11761200.0,KO
2026-03-17,77.49964036226936,77.79771893430544,76.95316550702088,77.08233642578125,14900100.0,KO
2026-03-18,76.58553841167979,76.63521311651704,75.36342544980671,75.48265838623047,13134600.0,KO
2026-03-19,75.51247130772158,75.95958159249396,75.04548507491977,75.06536102294922,13023300.0,KO
2026-03-20,75.08522438882993,75.56214856387686,73.91279368814436,74.2704849243164,33298700.0,KO
2026-03-23,74.85670179768411,74.96599677096391,74.07177619751555,74.62818145751953,15054900.0,KO
2026-03-24,74.37978549776209,75.20446299780555,74.151257576135,74.19100189208984,15653700.0,KO
2026-03-25,74.11151075817682,75.16471614429118,73.59484982911259,74.76728057861328,14787900.0,KO
2026-03-26,74.70766903439187,75.2640742865408,74.17113214962554,74.21087646484375,11202100.0,KO
2026-03-27,74.34003695394449,75.56214996357933,74.22080401286095,75.22432708740234,17461000.0,KO
2026-03-30,75.4429159104272,76.50605164961281,75.23426395194622,75.78073120117188,18502800.0,KO
2026-03-31,76.03906564550054,76.5259202165659,75.02561219015698,75.56214904785156,18301800.0,KO
2026-04-01,75.6615077468629,75.87015971059611,74.77721760418045,75.59195709228516,15834300.0,KO
2026-04-02,76.08875055685873,76.46631017472605,75.6317023098237,76.22785186767578,14573400.0,KO
2026-04-06,76.14835873586692,76.78425257070258,75.73105482809088,76.72463989257812,8259900.0,KO
2026-04-07,76.70476805785233,77.10220362104153,75.14483972620837,75.42304992675781,12769200.0,KO
2026-04-08,75.32368772647273,76.87368571375517,74.83683312594741,76.79419708251953,12331300.0,KO
2026-04-09,76.15829809226068,77.78777702117893,75.88009548202379,77.67848205566406,14311000.0,KO
2026-04-10,77.47976823541833,77.66854424679165,76.81406046756733,76.97303771972656,11081400.0,KO
2026-04-13,76.82400413323315,76.95316747484344,75.34356436995671,75.91984558105469,12696200.0,KO
2026-04-14,75.48265947782349,76.12849129366677,75.31375183411984,75.4131088256836,12397600.0,KO
2026-04-15,75.25413092050265,75.25413092050265,74.24067748663992,74.82688903808594,16212100.0,KO
2026-04-16,74.54869173119597,75.35349326766206,74.41952839214989,74.6977310180664,11501900.0,KO
2026-04-17,74.46920197461165,75.57208206813982,74.32017027044805,75.25413513183594,15033900.0,KO
2026-04-20,75.33361911555104,75.73105465653612,74.87657089657657,74.99580383300781,10141800.0,KO
2026-04-21,74.99580503568177,75.04547974131874,74.14132126201923,74.2208023071289,11806900.0,KO
2026-04-22,74.4195249666911,74.89644156618083,74.0717717003022,74.15125274658203,9352300.0,KO
2026-04-23,74.95606443388003,76.16823950213326,74.67786181109135,75.7906723022461,12060300.0,KO
2026-04-24,76.21791636612102,76.515994944942,75.68137947251515,76.138427734375,12008700.0,KO
2026-04-27,76.21791205760562,76.21791205760562,74.91631800326823,74.95606231689453,15812200.0,KO
2026-04-28,79.00988194129084,79.80475303460555,77.5791245859579,77.8473892211914,30710700.0,KO
2026-04-29,77.86726689898849,78.77142539679481,77.68842127803904,78.36405944824219,18294700.0,KO
2026-04-30,78.29451268715263,78.61245963126434,77.82752645476445,78.25476837158203,15142200.0,KO
2026-05-01,78.78136462651507,79.12911790044723,77.5393832335768,78.07592010498047,12610400.0,KO
2026-05-04,77.5592522393189,78.26469676666424,77.23137491002663,77.68842315673828,12672400.0,KO
2026-05-05,77.68842190943671,78.2746334837031,77.24130406320289,77.9765625,11637500.0,KO
2026-05-06,78.27463052273052,78.82110534286001,78.0659785678954,78.72174835205078,14060300.0,KO
2026-05-07,78.2845711261052,78.64226236939791,77.59899497971874,77.9268798828125,16531400.0,KO
2026-05-08,78.06597805720338,78.69193391761387,77.61886781126051,77.91693878173828,12447200.0,KO
2026-05-11,77.6586181965025,78.22496142319731,77.3406636744042,78.15541076660156,10967900.0,KO
2026-05-12,78.49322534922855,79.80475741893426,77.777842842034,79.51661682128906,19883100.0,KO
2026-05-13,79.3576425036781,80.51019724643862,79.32782858391015,79.7451400756836,12357000.0,KO
2026-05-14,80.2121320219049,80.40090804458362,79.39739250692739,79.93392181396484,10642000.0,KO
2026-05-15,80.83808871150025,80.83808871150025,79.93392258301539,80.30155181884766,17527200.0,KO
2026-05-18,80.35123034180992,80.86789126211345,79.8743061549928,80.67910766601562,12375500.0,KO
2026-05-19,80.88777013797514,82.1297515668438,80.73873085042028,81.39449310302734,16595200.0,KO
2026-05-20,81.64288865926339,81.8714165755325,80.99705680593205,81.02687072753906,16999700.0,KO
2026-05-21,81.26532510394343,81.27526307733143,80.20218936500615,80.64929962158203,15708400.0,KO
2026-05-22,80.65924259051201,81.15603516434358,80.40090832959272,80.95732116699219,8240200.0,KO
2026-05-26,80.32141489019156,81.07654167973828,79.72526535337158,79.94385528564453,13004200.0,KO
2026-05-27,80.57975178021998,81.98071043915546,80.28168079225381,81.09642028808594,13209600.0,KO
2026-05-28,80.7983387830763,81.23551864608098,79.82462206468935,79.89418029785156,14691400.0,KO
2026-05-29,79.52654997942535,79.8146905596223,78.40380157834277,78.50315856933594,32477000.0,KO
2026-06-01,78.07592351013162,78.69194145640577,77.92688422038836,78.13553619384766,12776300.0,KO
2026-06-02,78.37399157852226,78.69193851387408,77.74803568155077,77.90701293945312,12533200.0,KO
2026-06-03,77.78778213919385,78.52303302611722,77.60893650935269,78.25476837158203,14964300.0,KO
2026-06-04,79.26822055124178,79.52655480787077,76.31727149881779,76.32720947265625,19361600.0,KO
2026-06-05,77.01278234173839,80.222057932939,76.98297600195211,78.97014617919922,25708100.0,KO
2026-06-08,78.80123435242527,79.41725986290979,78.59258238446752,79.0297622680664,12828900.0,KO
2026-06-09,79.03969616429994,81.235518281949,78.87078093951726,80.81820678710938,20591600.0,KO
2026-06-10,82.14961350503755,83.3121062121698,81.59320829419526,83.05377197265625,20880500.0,KO
2026-06-11,83.38166256276116,83.50089550771385,81.96083551900014,82.00057983398438,14264500.0,KO
2026-06-12,82.17942298796885,82.35826860978896,81.34481513977678,82.09000396728516,11757700.0,KO
2026-06-15,81.08000183105469,81.19999694824219,80.25,80.91000366210938,20055200.0,KO
2026-06-16,81.1500015258789,81.38999938964844,79.83999633789062,80.27999877929688,17565100.0,KO
2026-06-17,79.94999694824219,80.33000183105469,78.98999786376953,79.93000030517578,17051200.0,KO
